year,county,month,driver,passenger,cyclist,pedestrian,fatalities
2007,Atlantic,1,3,0,0,2,5
2007,Atlantic,2,2,1,0,2,5
2007,Atlantic,3,2,0,0,2,4
2007,Atlantic,4,4,0,0,0,4
2007,Atlantic,5,5,0,0,0,5
2007,Atlantic,6,4,2,0,1,7
2007,Atlantic,7,3,2,0,0,5
2007,Atlantic,8,2,2,0,1,5
2007,Atlantic,9,1,2,0,1,4
2007,Atlantic,10,1,0,1,1,3
2007,Atlantic,11,2,0,0,0,2
2007,Atlantic,12,5,0,0,1,6
2007,Bergen,1,0,0,0,3,3
2007,Bergen,2,3,0,0,1,4
2007,Bergen,3,3,0,0,4,7
2007,Bergen,4,1,0,0,0,1
2007,Bergen,5,1,0,0,0,1
2007,Bergen,6,1,0,0,0,1
2007,Bergen,7,4,2,0,1,7
2007,Bergen,9,3,1,0,0,4
2007,Bergen,10,4,1,0,0,5
2007,Bergen,11,1,0,0,1,2
2007,Bergen,12,0,0,0,5,5
2007,Burlington,1,6,1,0,0,7
2007,Burlington,2,2,0,0,1,3
2007,Burlington,3,1,1,0,1,3
2007,Burlington,4,3,1,0,2,6
2007,Burlington,5,6,0,0,0,6
2007,Burlington,6,3,0,0,2,5
2007,Burlington,7,3,1,0,0,4
2007,Burlington,8,3,0,0,1,4
2007,Burlington,9,3,0,0,2,5
2007,Burlington,10,3,1,0,0,4
2007,Burlington,11,3,0,0,0,3
2007,Burlington,12,0,2,0,2,4
2007,Camden,1,3,1,0,1,5
2007,Camden,2,0,1,0,0,1
2007,Camden,3,1,0,0,1,2
2007,Camden,4,1,1,0,1,3
2007,Camden,5,2,1,0,0,3
2007,Camden,6,3,0,0,1,4
2007,Camden,7,3,0,1,0,4
2007,Camden,8,3,0,0,4,7
2007,Camden,9,3,1,1,1,6
2007,Camden,10,2,1,0,2,5
2007,Camden,11,2,1,1,0,4
2007,Camden,12,1,0,0,0,1
2007,Cape May,1,2,0,0,0,2
2007,Cape May,3,1,1,0,0,2
2007,Cape May,4,2,0,0,0,2
2007,Cape May,5,2,0,0,0,2
2007,Cape May,6,1,0,0,0,1
2007,Cape May,7,2,0,0,0,2
2007,Cape May,8,3,3,0,0,6
2007,Cape May,9,1,0,0,0,1
2007,Cape May,11,1,0,0,0,1
2007,Cape May,12,1,0,0,1,2
2007,Cumberland,3,4,2,0,0,6
2007,Cumberland,4,0,1,0,0,1
2007,Cumberland,5,2,0,0,0,2
2007,Cumberland,6,3,1,0,0,4
2007,Cumberland,7,1,1,0,0,2
2007,Cumberland,9,2,1,0,0,3
2007,Cumberland,10,2,2,0,0,4
2007,Essex,1,2,2,0,1,5
2007,Essex,2,1,0,0,2,3
2007,Essex,3,3,0,0,1,4
2007,Essex,4,2,1,0,0,3
2007,Essex,5,2,1,0,1,4
2007,Essex,6,1,0,0,2,3
2007,Essex,7,2,0,1,0,3
2007,Essex,8,3,0,0,2,5
2007,Essex,9,3,0,0,1,4
2007,Essex,10,5,1,0,4,10
2007,Essex,11,1,1,0,0,2
2007,Essex,12,0,0,1,2,3
2007,Gloucester,1,1,0,0,0,1
2007,Gloucester,2,2,0,0,0,2
2007,Gloucester,3,2,3,0,0,5
2007,Gloucester,4,1,0,0,0,1
2007,Gloucester,5,3,1,0,0,4
2007,Gloucester,6,2,1,2,0,5
2007,Gloucester,7,4,0,0,0,4
2007,Gloucester,8,1,1,0,0,2
2007,Gloucester,9,4,3,0,0,7
2007,Gloucester,10,3,1,0,1,5
2007,Gloucester,11,4,1,0,2,7
2007,Gloucester,12,3,1,0,1,5
2007,Hudson,1,1,1,0,1,3
2007,Hudson,2,1,1,0,1,3
2007,Hudson,4,1,0,0,0,1
2007,Hudson,5,1,0,0,0,1
2007,Hudson,6,1,1,0,1,3
2007,Hudson,7,2,0,0,5,7
2007,Hudson,8,0,1,0,0,1
2007,Hudson,9,3,0,0,1,4
2007,Hudson,10,0,1,0,1,2
2007,Hudson,12,0,0,0,1,1
2007,Hunterdon,1,0,1,0,0,1
2007,Hunterdon,7,3,0,0,0,3
2007,Hunterdon,9,2,0,0,0,2
2007,Hunterdon,11,0,1,0,0,1
2007,Mercer,1,3,0,0,0,3
2007,Mercer,2,1,0,0,1,2
2007,Mercer,3,2,0,0,0,2
2007,Mercer,5,0,1,0,0,1
2007,Mercer,7,0,2,0,0,2
2007,Mercer,8,1,0,0,1,2
2007,Mercer,9,2,1,0,0,3
2007,Mercer,10,0,1,1,0,2
2007,Mercer,11,2,2,0,1,5
2007,Mercer,12,3,2,0,0,5
2007,Middlesex,1,3,0,0,2,5
2007,Middlesex,2,2,0,0,1,3
2007,Middlesex,4,4,1,0,1,6
2007,Middlesex,5,3,0,0,0,3
2007,Middlesex,6,2,0,0,2,4
2007,Middlesex,7,2,0,0,2,4
2007,Middlesex,8,4,2,0,0,6
2007,Middlesex,9,2,1,0,0,3
2007,Middlesex,10,4,1,1,6,12
2007,Middlesex,11,3,0,0,4,7
2007,Middlesex,12,0,1,0,0,1
2007,Monmouth,1,2,3,0,0,5
2007,Monmouth,2,1,0,0,1,2
2007,Monmouth,3,0,3,0,3,6
2007,Monmouth,4,1,0,0,0,1
2007,Monmouth,5,3,1,0,0,4
2007,Monmouth,6,7,4,0,0,11
2007,Monmouth,7,4,2,0,0,6
2007,Monmouth,8,3,0,0,1,4
2007,Monmouth,9,2,0,0,1,3
2007,Monmouth,10,4,1,0,0,5
2007,Monmouth,11,2,0,1,3,6
2007,Monmouth,12,1,0,0,1,2
2007,Morris,1,3,1,0,0,4
2007,Morris,2,3,2,0,0,5
2007,Morris,3,0,1,0,0,1
2007,Morris,4,1,0,0,0,1
2007,Morris,5,4,0,0,0,4
2007,Morris,6,1,0,0,0,1
2007,Morris,7,2,0,0,0,2
2007,Morris,8,3,0,0,0,3
2007,Morris,9,2,0,0,0,2
2007,Morris,10,2,0,0,0,2
2007,Morris,12,1,0,0,2,3
2007,Ocean,1,3,1,0,2,6
2007,Ocean,2,5,0,0,0,5
2007,Ocean,3,4,3,0,0,7
2007,Ocean,4,2,0,0,0,2
2007,Ocean,5,4,2,0,1,7
2007,Ocean,6,3,1,0,0,4
2007,Ocean,7,7,1,0,0,8
2007,Ocean,8,8,1,0,1,10
2007,Ocean,9,3,3,0,0,6
2007,Ocean,10,1,0,0,2,3
2007,Ocean,11,1,2,0,2,5
2007,Ocean,12,6,1,0,4,11
2007,Passaic,1,1,0,0,2,3
2007,Passaic,2,0,2,0,1,3
2007,Passaic,3,1,0,0,3,4
2007,Passaic,4,2,1,0,0,3
2007,Passaic,5,1,0,0,0,1
2007,Passaic,6,1,0,0,1,2
2007,Passaic,7,0,0,0,1,1
2007,Passaic,8,2,1,0,1,4
2007,Passaic,9,3,0,0,0,3
2007,Passaic,10,1,0,0,1,2
2007,Passaic,11,1,0,0,1,2
2007,Passaic,12,1,1,0,0,2
2007,Salem,4,1,1,0,0,2
2007,Salem,5,1,0,0,0,1
2007,Salem,6,2,0,0,0,2
2007,Salem,7,2,1,0,0,3
2007,Salem,10,0,1,0,0,1
2007,Salem,11,1,1,0,0,2
2007,Salem,12,1,0,0,1,2
2007,Somerset,1,3,2,0,1,6
2007,Somerset,4,2,0,0,0,2
2007,Somerset,5,3,0,0,0,3
2007,Somerset,6,1,0,0,0,1
2007,Somerset,7,2,0,0,1,3
2007,Somerset,8,2,0,0,0,2
2007,Somerset,9,1,0,0,0,1
2007,Somerset,12,2,0,0,1,3
2007,Sussex,1,1,0,0,0,1
2007,Sussex,2,0,1,0,0,1
2007,Sussex,3,1,0,0,0,1
2007,Sussex,5,1,0,0,0,1
2007,Sussex,6,2,0,0,1,3
2007,Sussex,7,1,0,0,0,1
2007,Sussex,8,1,3,0,0,4
2007,Sussex,10,1,0,0,0,1
2007,Sussex,11,2,0,0,0,2
2007,Union,1,3,1,0,0,4
2007,Union,2,1,0,0,0,1
2007,Union,3,0,0,0,1,1
2007,Union,4,0,0,0,1,1
2007,Union,5,0,0,0,1,1
2007,Union,6,5,0,0,0,5
2007,Union,7,3,4,0,0,7
2007,Union,8,0,0,0,1,1
2007,Union,9,1,0,1,0,2
2007,Union,10,3,0,0,0,3
2007,Union,11,1,0,0,1,2
2007,Union,12,0,0,0,3,3
2007,Warren,2,1,1,0,0,2
2007,Warren,3,1,1,0,0,2
2007,Warren,4,0,0,0,1,1
2007,Warren,5,1,0,0,0,1
2007,Warren,6,1,0,0,0,1
2007,Warren,7,1,0,0,0,1
2007,Warren,10,1,0,0,0,1
2008,Atlantic,1,3,1,0,1,5
2008,Atlantic,2,1,0,0,0,1
2008,Atlantic,3,1,1,0,0,2
2008,Atlantic,4,3,0,0,0,3
2008,Atlantic,5,0,2,0,1,3
2008,Atlantic,6,2,1,0,0,3
2008,Atlantic,7,1,1,0,0,2
2008,Atlantic,9,3,0,0,0,3
2008,Atlantic,10,3,1,0,1,5
2008,Atlantic,12,0,1,0,3,4
2008,Bergen,2,1,1,0,1,3
2008,Bergen,3,1,0,0,0,1
2008,Bergen,4,1,0,0,0,1
2008,Bergen,5,0,0,0,2,2
2008,Bergen,6,0,0,0,3,3
2008,Bergen,7,1,0,0,0,1
2008,Bergen,8,4,0,0,0,4
2008,Bergen,9,0,0,0,1,1
2008,Bergen,10,1,2,0,0,3
2008,Bergen,11,1,2,1,0,4
2008,Burlington,1,3,0,0,0,3
2008,Burlington,2,1,0,0,1,2
2008,Burlington,3,1,2,0,1,4
2008,Burlington,4,2,0,0,0,2
2008,Burlington,5,5,1,0,1,7
2008,Burlington,6,2,0,1,0,3
2008,Burlington,7,0,0,1,3,4
2008,Burlington,8,4,2,2,1,9
2008,Burlington,9,1,0,0,1,2
2008,Burlington,10,3,1,0,3,7
2008,Burlington,12,1,0,0,1,2
2008,Camden,1,4,1,0,0,5
2008,Camden,2,2,0,0,0,2
2008,Camden,3,1,0,0,3,4
2008,Camden,4,1,1,0,3,5
2008,Camden,5,3,0,0,0,3
2008,Camden,6,0,0,0,1,1
2008,Camden,7,4,0,0,2,6
2008,Camden,8,1,0,0,2,3
2008,Camden,9,3,1,0,1,5
2008,Camden,10,3,0,0,0,3
2008,Camden,11,3,0,0,1,4
2008,Camden,12,0,1,0,2,3
2008,Cape May,1,1,0,0,0,1
2008,Cape May,5,1,1,0,0,2
2008,Cape May,6,2,0,0,0,2
2008,Cape May,7,2,0,0,0,2
2008,Cape May,8,0,1,0,0,1
2008,Cape May,9,1,0,0,0,1
2008,Cape May,11,1,0,0,0,1
2008,Cape May,12,0,1,0,0,1
2008,Cumberland,2,2,0,0,0,2
2008,Cumberland,3,1,0,0,0,1
2008,Cumberland,4,2,0,0,0,2
2008,Cumberland,5,2,1,0,0,3
2008,Cumberland,6,2,0,0,1,3
2008,Cumberland,7,2,2,0,0,4
2008,Cumberland,8,2,2,0,0,4
2008,Cumberland,9,1,0,0,0,1
2008,Cumberland,10,0,0,1,0,1
2008,Cumberland,11,0,0,0,1,1
2008,Cumberland,12,1,0,0,0,1
2008,Essex,1,0,0,0,3,3
2008,Essex,2,0,0,0,1,1
2008,Essex,3,2,0,0,2,4
2008,Essex,4,1,3,0,0,4
2008,Essex,5,1,0,0,0,1
2008,Essex,6,4,0,0,0,4
2008,Essex,7,4,3,0,2,9
2008,Essex,8,1,1,1,1,4
2008,Essex,9,4,0,0,1,5
2008,Essex,10,0,2,0,2,4
2008,Essex,11,5,0,0,1,6
2008,Essex,12,1,1,0,1,3
2008,Gloucester,1,0,0,1,2,3
2008,Gloucester,2,0,2,0,0,2
2008,Gloucester,3,1,0,0,0,1
2008,Gloucester,4,2,1,0,1,4
2008,Gloucester,6,0,2,0,1,3
2008,Gloucester,7,1,0,0,0,1
2008,Gloucester,8,1,1,0,0,2
2008,Gloucester,9,3,2,0,0,5
2008,Gloucester,10,1,0,0,0,1
2008,Gloucester,11,3,1,0,0,4
2008,Gloucester,12,2,1,0,1,4
2008,Hudson,1,4,2,1,0,7
2008,Hudson,2,1,0,0,2,3
2008,Hudson,3,1,0,1,0,2
2008,Hudson,5,3,0,0,1,4
2008,Hudson,6,1,0,2,1,4
2008,Hudson,8,2,0,0,0,2
2008,Hudson,9,0,1,0,0,1
2008,Hudson,10,1,0,0,1,2
2008,Hudson,12,0,1,0,1,2
2008,Hunterdon,2,1,0,0,0,1
2008,Hunterdon,4,1,1,0,0,2
2008,Hunterdon,5,2,0,0,1,3
2008,Hunterdon,6,1,0,0,0,1
2008,Hunterdon,8,1,1,0,0,2
2008,Hunterdon,9,0,0,0,1,1
2008,Hunterdon,10,0,0,0,1,1
2008,Mercer,1,1,1,0,0,2
2008,Mercer,2,2,2,0,0,4
2008,Mercer,3,0,1,0,0,1
2008,Mercer,4,1,0,0,1,2
2008,Mercer,6,2,1,0,0,3
2008,Mercer,8,0,0,1,0,1
2008,Mercer,9,2,0,0,2,4
2008,Mercer,10,1,1,0,1,3
2008,Mercer,12,2,0,0,0,2
2008,Middlesex,1,3,1,0,0,4
2008,Middlesex,2,0,1,0,0,1
2008,Middlesex,4,0,0,0,1,1
2008,Middlesex,5,4,0,0,0,4
2008,Middlesex,6,2,1,0,0,3
2008,Middlesex,7,2,3,0,2,7
2008,Middlesex,8,4,1,0,0,5
2008,Middlesex,9,2,1,1,2,6
2008,Middlesex,10,5,0,0,1,6
2008,Middlesex,11,3,1,0,1,5
2008,Middlesex,12,3,0,0,1,4
2008,Monmouth,1,4,0,0,0,4
2008,Monmouth,2,0,0,0,2,2
2008,Monmouth,3,2,2,0,0,4
2008,Monmouth,4,1,1,1,1,4
2008,Monmouth,5,2,0,1,0,3
2008,Monmouth,6,4,1,0,0,5
2008,Monmouth,7,2,1,0,1,4
2008,Monmouth,8,4,0,0,0,4
2008,Monmouth,9,1,1,0,0,2
2008,Monmouth,10,4,0,0,0,4
2008,Monmouth,11,3,1,0,1,5
2008,Monmouth,12,2,1,0,2,5
2008,Morris,1,1,0,1,1,3
2008,Morris,2,1,1,0,1,3
2008,Morris,3,1,0,0,0,1
2008,Morris,4,3,0,0,1,4
2008,Morris,5,2,0,0,0,2
2008,Morris,6,0,0,2,0,2
2008,Morris,7,2,0,0,0,2
2008,Morris,8,2,0,0,0,2
2008,Morris,10,1,1,0,1,3
2008,Morris,11,1,0,0,0,1
2008,Morris,12,1,0,0,2,3
2008,Ocean,1,1,1,0,1,3
2008,Ocean,2,3,0,0,2,5
2008,Ocean,3,2,0,0,0,2
2008,Ocean,4,3,0,0,1,4
2008,Ocean,5,1,0,0,0,1
2008,Ocean,6,1,0,0,0,1
2008,Ocean,7,4,0,0,1,5
2008,Ocean,8,1,1,0,0,2
2008,Ocean,10,1,3,0,2,6
2008,Ocean,11,1,2,0,1,4
2008,Ocean,12,2,1,0,2,5
2008,Passaic,1,2,1,0,2,5
2008,Passaic,2,0,0,0,1,1
2008,Passaic,3,0,0,0,1,1
2008,Passaic,4,1,1,0,1,3
2008,Passaic,6,0,0,0,1,1
2008,Passaic,7,1,0,0,0,1
2008,Passaic,8,1,0,0,1,2
2008,Passaic,9,2,1,0,0,3
2008,Passaic,10,2,1,0,1,4
2008,Passaic,11,0,1,0,2,3
2008,Passaic,12,0,0,0,1,1
2008,Salem,1,2,0,0,0,2
2008,Salem,3,2,0,0,0,2
2008,Salem,4,2,0,0,0,2
2008,Salem,5,1,0,0,0,1
2008,Salem,6,1,0,0,0,1
2008,Salem,10,2,2,0,0,4
2008,Salem,11,1,1,0,0,2
2008,Salem,12,2,0,0,0,2
2008,Somerset,1,2,0,0,0,2
2008,Somerset,2,0,1,0,0,1
2008,Somerset,4,3,0,0,0,3
2008,Somerset,5,0,0,0,2,2
2008,Somerset,6,1,1,0,0,2
2008,Somerset,7,0,0,0,1,1
2008,Somerset,10,1,0,0,0,1
2008,Somerset,11,1,0,0,0,1
2008,Somerset,12,0,0,0,2,2
2008,Sussex,1,1,0,0,0,1
2008,Sussex,2,1,0,0,0,1
2008,Sussex,3,1,1,0,0,2
2008,Sussex,4,1,0,0,0,1
2008,Sussex,5,1,0,0,0,1
2008,Sussex,6,2,0,0,0,2
2008,Sussex,7,3,0,0,0,3
2008,Sussex,8,1,1,0,0,2
2008,Sussex,9,1,0,0,0,1
2008,Union,1,2,0,0,4,6
2008,Union,2,2,0,0,2,4
2008,Union,3,1,0,0,0,1
2008,Union,4,1,0,0,1,2
2008,Union,5,0,1,0,2,3
2008,Union,6,2,1,0,0,3
2008,Union,7,1,0,0,2,3
2008,Union,8,2,1,0,0,3
2008,Union,9,1,0,1,0,2
2008,Union,10,0,0,0,2,2
2008,Union,11,4,1,0,2,7
2008,Union,12,1,0,0,1,2
2008,Warren,2,1,0,0,0,1
2008,Warren,4,1,0,0,0,1
2008,Warren,6,1,0,0,0,1
2008,Warren,11,1,1,0,1,3
2009,Atlantic,1,2,1,0,0,3
2009,Atlantic,2,2,0,0,1,3
2009,Atlantic,3,1,1,0,1,3
2009,Atlantic,4,2,0,0,0,2
2009,Atlantic,6,2,0,0,0,2
2009,Atlantic,7,3,2,1,2,8
2009,Atlantic,8,1,1,0,0,2
2009,Atlantic,9,2,1,0,1,4
2009,Atlantic,10,5,0,0,2,7
2009,Atlantic,11,0,1,0,1,2
2009,Atlantic,12,2,1,0,4,7
2009,Bergen,1,0,0,0,1,1
2009,Bergen,3,3,0,0,0,3
2009,Bergen,4,1,0,0,1,2
2009,Bergen,6,1,0,0,2,3
2009,Bergen,7,2,0,0,0,2
2009,Bergen,8,2,0,0,2,4
2009,Bergen,9,2,0,0,1,3
2009,Bergen,11,0,0,0,1,1
2009,Bergen,12,3,0,0,3,6
2009,Burlington,1,2,2,0,1,5
2009,Burlington,2,2,1,0,0,3
2009,Burlington,3,0,1,0,0,1
2009,Burlington,4,6,4,0,1,11
2009,Burlington,5,2,0,0,3,5
2009,Burlington,6,2,1,0,2,5
2009,Burlington,7,1,1,0,0,2
2009,Burlington,8,4,2,0,0,6
2009,Burlington,9,5,1,0,0,6
2009,Burlington,10,0,1,0,0,1
2009,Burlington,11,1,0,0,0,1
2009,Burlington,12,2,0,0,0,2
2009,Camden,1,1,0,0,2,3
2009,Camden,2,1,0,0,0,1
2009,Camden,3,1,0,0,2,3
2009,Camden,4,0,0,0,1,1
2009,Camden,5,1,0,1,0,2
2009,Camden,6,5,0,1,0,6
2009,Camden,7,1,1,0,1,3
2009,Camden,8,4,2,0,0,6
2009,Camden,9,1,0,0,0,1
2009,Camden,10,2,1,0,1,4
2009,Camden,11,4,0,0,1,5
2009,Camden,12,3,2,0,0,5
2009,Cape May,1,1,0,0,0,1
2009,Cape May,2,1,0,0,0,1
2009,Cape May,4,1,0,0,0,1
2009,Cape May,7,0,0,0,1,1
2009,Cape May,9,2,0,0,0,2
2009,Cape May,12,2,0,0,0,2
2009,Cumberland,1,2,1,0,0,3
2009,Cumberland,2,1,0,0,0,1
2009,Cumberland,3,1,0,0,0,1
2009,Cumberland,4,2,0,0,0,2
2009,Cumberland,5,4,0,0,0,4
2009,Cumberland,6,3,1,0,0,4
2009,Cumberland,7,2,0,1,1,4
2009,Cumberland,8,1,1,0,0,2
2009,Cumberland,9,2,1,0,0,3
2009,Cumberland,10,1,0,0,0,1
2009,Cumberland,11,1,0,0,0,1
2009,Cumberland,12,1,1,0,0,2
2009,Essex,1,1,0,0,2,3
2009,Essex,2,2,0,0,5,7
2009,Essex,3,1,1,0,1,3
2009,Essex,4,0,0,0,1,1
2009,Essex,6,3,1,0,1,5
2009,Essex,7,3,1,0,1,5
2009,Essex,8,2,2,0,2,6
2009,Essex,9,1,0,0,0,1
2009,Essex,10,0,2,0,3,5
2009,Essex,11,0,0,0,2,2
2009,Essex,12,1,0,0,3,4
2009,Gloucester,1,2,3,0,0,5
2009,Gloucester,2,0,0,0,1,1
2009,Gloucester,3,1,0,0,0,1
2009,Gloucester,5,1,0,0,0,1
2009,Gloucester,6,1,0,0,0,1
2009,Gloucester,7,1,0,0,0,1
2009,Gloucester,8,1,1,0,0,2
2009,Gloucester,9,1,0,1,0,2
2009,Gloucester,10,0,0,0,2,2
2009,Gloucester,11,3,0,0,0,3
2009,Gloucester,12,3,0,0,0,3
2009,Hudson,1,0,0,0,3,3
2009,Hudson,2,0,1,0,2,3
2009,Hudson,3,0,2,0,1,3
2009,Hudson,5,2,0,0,2,4
2009,Hudson,6,2,0,0,0,2
2009,Hudson,7,0,0,0,1,1
2009,Hudson,8,0,0,0,2,2
2009,Hudson,9,0,0,0,1,1
2009,Hudson,11,1,0,0,0,1
2009,Hudson,12,2,0,0,0,2
2009,Hunterdon,2,1,0,0,0,1
2009,Hunterdon,4,1,0,0,0,1
2009,Hunterdon,6,0,1,0,0,1
2009,Hunterdon,10,1,0,0,1,2
2009,Hunterdon,11,1,0,0,1,2
2009,Hunterdon,12,1,0,0,0,1
2009,Mercer,1,2,0,0,1,3
2009,Mercer,2,0,1,0,0,1
2009,Mercer,3,0,0,0,1,1
2009,Mercer,4,2,1,0,0,3
2009,Mercer,5,3,0,0,1,4
2009,Mercer,6,0,1,0,1,2
2009,Mercer,7,0,0,0,1,1
2009,Mercer,9,1,1,0,0,2
2009,Mercer,10,2,0,0,0,2
2009,Mercer,11,1,0,0,1,2
2009,Middlesex,1,2,0,0,3,5
2009,Middlesex,2,1,0,0,2,3
2009,Middlesex,3,0,1,0,2,3
2009,Middlesex,4,1,0,0,2,3
2009,Middlesex,5,0,1,0,1,2
2009,Middlesex,7,2,0,0,1,3
2009,Middlesex,8,2,1,0,1,4
2009,Middlesex,9,5,2,0,0,7
2009,Middlesex,10,1,1,0,1,3
2009,Middlesex,11,4,4,1,3,12
2009,Middlesex,12,1,0,0,2,3
2009,Monmouth,1,1,0,0,2,3
2009,Monmouth,2,3,1,0,1,5
2009,Monmouth,3,0,0,0,1,1
2009,Monmouth,4,2,0,0,0,2
2009,Monmouth,5,2,0,0,1,3
2009,Monmouth,6,4,0,0,0,4
2009,Monmouth,7,1,0,1,1,3
2009,Monmouth,8,2,0,1,2,5
2009,Monmouth,9,2,1,1,1,5
2009,Monmouth,10,0,0,0,1,1
2009,Monmouth,11,0,0,0,1,1
2009,Monmouth,12,1,0,0,0,1
2009,Morris,1,1,0,0,0,1
2009,Morris,3,0,1,0,0,1
2009,Morris,4,0,0,0,1,1
2009,Morris,5,2,1,0,1,4
2009,Morris,7,1,1,0,1,3
2009,Morris,8,1,0,0,0,1
2009,Morris,9,1,0,0,0,1
2009,Morris,10,3,0,0,0,3
2009,Morris,11,2,0,0,0,2
2009,Morris,12,1,0,0,0,1
2009,Ocean,1,0,0,0,1,1
2009,Ocean,2,2,1,0,2,5
2009,Ocean,3,5,3,0,1,9
2009,Ocean,4,3,1,0,2,6
2009,Ocean,5,2,1,1,2,6
2009,Ocean,6,4,0,1,1,6
2009,Ocean,7,3,0,0,1,4
2009,Ocean,8,3,2,1,1,7
2009,Ocean,9,4,1,0,1,6
2009,Ocean,10,2,0,0,1,3
2009,Ocean,11,1,2,1,1,5
2009,Ocean,12,3,1,0,1,5
2009,Passaic,1,1,0,0,2,3
2009,Passaic,3,0,0,0,1,1
2009,Passaic,4,2,0,0,0,2
2009,Passaic,5,2,2,0,1,5
2009,Passaic,6,2,0,0,0,2
2009,Passaic,7,2,0,0,1,3
2009,Passaic,8,3,1,0,0,4
2009,Passaic,10,1,1,0,0,2
2009,Passaic,11,2,1,0,0,3
2009,Passaic,12,1,0,0,0,1
2009,Salem,3,1,0,0,0,1
2009,Salem,4,1,0,0,0,1
2009,Salem,6,0,0,1,0,1
2009,Salem,7,2,0,0,0,2
2009,Salem,8,0,1,0,0,1
2009,Salem,9,3,0,0,1,4
2009,Salem,10,1,0,0,0,1
2009,Salem,11,2,0,0,0,2
2009,Salem,12,1,0,0,0,1
2009,Somerset,1,1,1,0,1,3
2009,Somerset,2,1,1,0,0,2
2009,Somerset,4,2,0,0,0,2
2009,Somerset,6,2,0,0,0,2
2009,Somerset,7,2,0,0,0,2
2009,Somerset,8,1,1,0,0,2
2009,Sussex,1,1,0,0,0,1
2009,Sussex,2,1,0,0,0,1
2009,Sussex,4,1,0,0,0,1
2009,Sussex,6,0,1,0,0,1
2009,Sussex,7,1,1,0,0,2
2009,Sussex,10,1,0,0,0,1
2009,Union,1,4,1,0,4,9
2009,Union,2,2,0,0,1,3
2009,Union,4,3,1,0,2,6
2009,Union,5,1,0,0,0,1
2009,Union,6,2,1,0,0,3
2009,Union,7,5,0,0,0,5
2009,Union,8,0,0,0,2,2
2009,Union,9,1,0,0,2,3
2009,Union,10,2,0,0,2,4
2009,Union,11,1,2,0,1,4
2009,Warren,1,0,0,0,1,1
2009,Warren,2,3,0,0,0,3
2009,Warren,5,1,0,0,0,1
2009,Warren,6,1,0,0,0,1
2009,Warren,7,0,1,0,0,1
2009,Warren,12,1,0,0,1,2
2010,Atlantic,1,1,0,0,0,1
2010,Atlantic,3,2,1,0,0,3
2010,Atlantic,4,0,0,0,1,1
2010,Atlantic,6,1,1,0,0,2
2010,Atlantic,7,0,2,0,1,3
2010,Atlantic,8,1,1,0,2,4
2010,Atlantic,9,3,1,1,1,6
2010,Atlantic,10,1,0,0,0,1
2010,Atlantic,11,0,0,0,1,1
2010,Atlantic,12,1,1,0,0,2
2010,Bergen,1,1,1,0,1,3
2010,Bergen,2,2,0,0,0,2
2010,Bergen,3,0,0,0,1,1
2010,Bergen,4,1,2,0,4,7
2010,Bergen,5,3,0,0,0,3
2010,Bergen,6,2,1,0,1,4
2010,Bergen,7,2,1,0,1,4
2010,Bergen,9,2,0,0,1,3
2010,Bergen,10,3,0,0,0,3
2010,Bergen,11,0,0,0,2,2
2010,Bergen,12,1,0,0,4,5
2010,Burlington,1,3,0,0,0,3
2010,Burlington,3,3,1,0,0,4
2010,Burlington,4,3,2,0,0,5
2010,Burlington,5,4,2,0,0,6
2010,Burlington,6,1,0,0,0,1
2010,Burlington,7,0,0,0,1,1
2010,Burlington,8,1,0,0,0,1
2010,Burlington,9,2,2,0,0,4
2010,Burlington,10,2,0,0,4,6
2010,Burlington,11,2,0,0,0,2
2010,Burlington,12,1,0,0,0,1
2010,Camden,1,1,2,0,1,4
2010,Camden,2,1,0,0,0,1
2010,Camden,3,1,0,0,0,1
2010,Camden,4,2,1,1,3,7
2010,Camden,5,1,1,0,1,3
2010,Camden,6,2,0,0,2,4
2010,Camden,7,3,2,2,1,8
2010,Camden,8,2,3,0,0,5
2010,Camden,9,2,1,0,0,3
2010,Camden,10,0,1,0,0,1
2010,Camden,11,1,0,0,2,3
2010,Camden,12,1,0,0,0,1
2010,Cape May,1,1,0,0,0,1
2010,Cape May,3,1,0,0,0,1
2010,Cape May,8,1,0,0,0,1
2010,Cape May,9,1,1,0,0,2
2010,Cumberland,2,0,2,0,1,3
2010,Cumberland,3,1,0,0,0,1
2010,Cumberland,4,2,0,0,0,2
2010,Cumberland,5,1,0,0,0,1
2010,Cumberland,6,2,1,0,0,3
2010,Cumberland,7,2,1,0,0,3
2010,Cumberland,8,3,0,0,0,3
2010,Cumberland,9,2,1,0,0,3
2010,Cumberland,10,1,0,0,0,1
2010,Cumberland,11,2,0,0,0,2
2010,Cumberland,12,0,0,0,1,1
2010,Essex,1,2,1,0,0,3
2010,Essex,2,0,1,0,0,1
2010,Essex,3,1,0,0,2,3
2010,Essex,4,0,1,0,4,5
2010,Essex,5,0,0,0,1,1
2010,Essex,6,3,0,0,0,3
2010,Essex,7,3,0,0,1,4
2010,Essex,8,3,1,0,1,5
2010,Essex,9,2,1,0,3,6
2010,Essex,11,1,0,0,4,5
2010,Essex,12,1,2,0,2,5
2010,Gloucester,1,2,1,0,0,3
2010,Gloucester,3,0,0,0,2,2
2010,Gloucester,5,0,1,0,2,3
2010,Gloucester,7,3,0,1,0,4
2010,Gloucester,9,0,0,1,0,1
2010,Gloucester,10,1,2,0,2,5
2010,Gloucester,12,1,0,0,0,1
2010,Hudson,1,1,1,0,0,2
2010,Hudson,2,0,0,0,3,3
2010,Hudson,3,0,0,0,1,1
2010,Hudson,4,0,1,0,2,3
2010,Hudson,5,0,0,0,1,1
2010,Hudson,6,1,0,0,2,3
2010,Hudson,7,1,1,0,1,3
2010,Hudson,8,2,0,0,0,2
2010,Hudson,9,0,0,0,1,1
2010,Hudson,11,1,0,1,0,2
2010,Hudson,12,0,0,0,3,3
2010,Hunterdon,3,1,0,0,0,1
2010,Hunterdon,4,1,0,0,0,1
2010,Hunterdon,5,1,0,0,0,1
2010,Hunterdon,6,3,0,0,0,3
2010,Hunterdon,9,0,2,1,1,4
2010,Hunterdon,10,1,0,0,0,1
2010,Hunterdon,12,1,0,0,0,1
2010,Mercer,2,0,0,1,0,1
2010,Mercer,3,1,0,0,0,1
2010,Mercer,4,1,0,0,0,1
2010,Mercer,5,1,0,0,2,3
2010,Mercer,6,0,2,0,0,2
2010,Mercer,7,1,0,0,1,2
2010,Mercer,8,1,0,0,0,1
2010,Mercer,9,1,1,0,0,2
2010,Mercer,10,1,1,0,0,2
2010,Mercer,11,0,0,0,1,1
2010,Mercer,12,4,0,0,0,4
2010,Middlesex,1,0,1,0,0,1
2010,Middlesex,2,1,1,0,1,3
2010,Middlesex,3,3,0,0,2,5
2010,Middlesex,4,1,0,0,0,1
2010,Middlesex,5,2,0,0,1,3
2010,Middlesex,6,3,0,0,0,3
2010,Middlesex,7,3,1,0,0,4
2010,Middlesex,8,0,1,0,2,3
2010,Middlesex,9,3,0,0,1,4
2010,Middlesex,10,3,0,0,1,4
2010,Middlesex,11,1,1,0,1,3
2010,Middlesex,12,0,0,1,2,3
2010,Monmouth,1,2,0,0,1,3
2010,Monmouth,2,1,0,0,1,2
2010,Monmouth,3,2,1,0,0,3
2010,Monmouth,4,5,0,0,1,6
2010,Monmouth,5,1,1,0,1,3
2010,Monmouth,6,2,1,0,2,5
2010,Monmouth,7,2,2,0,1,5
2010,Monmouth,8,1,0,0,0,1
2010,Monmouth,9,3,2,1,0,6
2010,Monmouth,10,3,0,0,1,4
2010,Monmouth,11,3,1,0,1,5
2010,Monmouth,12,0,0,0,2,2
2010,Morris,1,0,0,0,1,1
2010,Morris,2,2,0,0,2,4
2010,Morris,4,2,1,0,1,4
2010,Morris,6,2,0,0,0,2
2010,Morris,7,1,1,0,0,2
2010,Morris,8,1,0,0,1,2
2010,Morris,9,0,1,0,0,1
2010,Morris,10,2,0,0,2,4
2010,Morris,11,1,0,0,0,1
2010,Morris,12,3,0,0,1,4
2010,Ocean,1,3,0,0,0,3
2010,Ocean,2,0,0,0,1,1
2010,Ocean,3,5,1,0,0,6
2010,Ocean,4,4,1,0,0,5
2010,Ocean,5,4,1,1,0,6
2010,Ocean,6,6,0,0,2,8
2010,Ocean,7,7,0,0,0,7
2010,Ocean,8,3,0,0,0,3
2010,Ocean,9,1,1,0,2,4
2010,Ocean,10,1,0,0,1,2
2010,Ocean,11,2,0,0,0,2
2010,Ocean,12,4,1,0,2,7
2010,Passaic,2,1,0,0,2,3
2010,Passaic,3,1,1,0,1,3
2010,Passaic,7,1,0,0,0,1
2010,Passaic,8,2,1,0,0,3
2010,Passaic,10,0,2,0,2,4
2010,Passaic,11,2,0,0,2,4
2010,Passaic,12,3,0,0,1,4
2010,Salem,3,1,1,0,0,2
2010,Salem,5,1,0,0,0,1
2010,Salem,7,1,2,0,0,3
2010,Salem,8,2,1,0,0,3
2010,Salem,9,2,0,0,0,2
2010,Salem,11,1,0,0,0,1
2010,Somerset,1,1,0,0,1,2
2010,Somerset,2,2,0,0,0,2
2010,Somerset,3,3,1,0,0,4
2010,Somerset,4,0,0,0,1,1
2010,Somerset,5,1,0,0,1,2
2010,Somerset,6,1,3,1,0,5
2010,Somerset,7,2,1,0,0,3
2010,Somerset,8,1,1,0,0,2
2010,Somerset,9,1,0,0,0,1
2010,Somerset,10,3,0,0,0,3
2010,Somerset,11,1,0,0,0,1
2010,Somerset,12,3,0,0,0,3
2010,Sussex,2,1,0,0,0,1
2010,Sussex,6,2,0,0,0,2
2010,Sussex,7,1,0,0,0,1
2010,Sussex,8,1,0,0,0,1
2010,Sussex,9,1,0,0,0,1
2010,Sussex,10,4,0,0,0,4
2010,Sussex,11,1,0,0,0,1
2010,Union,1,2,0,0,1,3
2010,Union,2,1,0,0,0,1
2010,Union,3,1,0,0,1,2
2010,Union,4,5,1,0,0,6
2010,Union,5,0,1,0,2,3
2010,Union,7,1,0,0,1,2
2010,Union,8,1,0,0,1,2
2010,Union,9,0,1,0,1,2
2010,Union,10,2,0,0,0,2
2010,Union,11,1,0,0,2,3
2010,Union,12,2,0,0,1,3
2010,Warren,1,2,2,0,0,4
2010,Warren,3,1,0,0,0,1
2010,Warren,6,1,0,0,0,1
2010,Warren,7,1,0,0,0,1
2010,Warren,10,0,2,0,1,3
2010,Warren,12,1,0,0,0,1
2011,Atlantic,1,2,1,0,1,4
2011,Atlantic,2,2,0,0,0,2
2011,Atlantic,3,3,1,0,0,4
2011,Atlantic,4,1,2,0,0,3
2011,Atlantic,5,1,0,0,2,3
2011,Atlantic,6,1,2,0,0,3
2011,Atlantic,7,3,0,0,1,4
2011,Atlantic,8,3,7,0,0,10
2011,Atlantic,9,3,0,0,0,3
2011,Atlantic,10,1,2,0,2,5
2011,Atlantic,11,0,1,1,2,4
2011,Atlantic,12,2,0,0,1,3
2011,Bergen,1,1,1,0,2,4
2011,Bergen,2,0,1,0,1,2
2011,Bergen,3,0,1,0,0,1
2011,Bergen,4,1,0,0,0,1
2011,Bergen,5,1,0,0,0,1
2011,Bergen,6,2,0,0,1,3
2011,Bergen,7,1,0,1,0,2
2011,Bergen,8,2,0,0,1,3
2011,Bergen,9,1,0,0,0,1
2011,Bergen,10,2,0,0,4,6
2011,Bergen,11,2,0,0,4,6
2011,Bergen,12,0,0,0,1,1
2011,Burlington,1,1,1,0,0,2
2011,Burlington,2,3,2,0,0,5
2011,Burlington,3,3,3,0,2,8
2011,Burlington,4,3,0,0,0,3
2011,Burlington,5,2,0,0,0,2
2011,Burlington,6,3,1,1,0,5
2011,Burlington,7,3,1,0,2,6
2011,Burlington,8,3,1,0,0,4
2011,Burlington,9,3,0,0,0,3
2011,Burlington,10,1,2,0,0,3
2011,Burlington,11,5,1,0,0,6
2011,Burlington,12,3,1,0,1,5
2011,Camden,1,4,0,0,3,7
2011,Camden,2,2,1,0,0,3
2011,Camden,3,4,0,0,3,7
2011,Camden,4,6,1,0,1,8
2011,Camden,5,2,0,0,0,2
2011,Camden,6,1,0,0,0,1
2011,Camden,7,1,1,0,2,4
2011,Camden,8,2,0,0,0,2
2011,Camden,9,0,1,0,1,2
2011,Camden,11,4,2,0,1,7
2011,Camden,12,4,0,1,1,6
2011,Cape May,1,2,0,0,0,2
2011,Cape May,4,0,1,0,0,1
2011,Cape May,5,2,0,0,0,2
2011,Cape May,6,1,0,0,0,1
2011,Cape May,7,1,1,0,0,2
2011,Cumberland,1,2,0,0,1,3
2011,Cumberland,4,1,0,0,2,3
2011,Cumberland,5,5,1,0,0,6
2011,Cumberland,6,1,1,0,0,2
2011,Cumberland,7,2,0,0,0,2
2011,Cumberland,8,2,0,0,0,2
2011,Cumberland,9,1,0,0,0,1
2011,Cumberland,10,0,1,0,0,1
2011,Cumberland,11,2,0,0,0,2
2011,Cumberland,12,1,0,0,1,2
2011,Essex,1,2,1,0,0,3
2011,Essex,2,2,0,0,2,4
2011,Essex,3,2,0,0,2,4
2011,Essex,4,2,0,0,4,6
2011,Essex,5,2,4,0,0,6
2011,Essex,6,4,1,0,4,9
2011,Essex,7,1,1,0,0,2
2011,Essex,8,2,1,0,0,3
2011,Essex,9,3,0,0,1,4
2011,Essex,10,3,0,0,2,5
2011,Essex,11,2,0,0,2,4
2011,Essex,12,1,0,0,1,2
2011,Gloucester,2,1,0,0,0,1
2011,Gloucester,3,3,0,0,0,3
2011,Gloucester,4,3,1,0,0,4
2011,Gloucester,5,1,0,0,1,2
2011,Gloucester,6,3,0,0,0,3
2011,Gloucester,7,1,1,0,0,2
2011,Gloucester,8,2,0,0,0,2
2011,Gloucester,9,0,1,1,0,2
2011,Gloucester,11,0,1,0,0,1
2011,Gloucester,12,6,0,0,0,6
2011,Hudson,1,0,0,0,1,1
2011,Hudson,2,0,1,0,1,2
2011,Hudson,3,0,0,0,1,1
2011,Hudson,4,1,1,0,0,2
2011,Hudson,5,2,0,0,0,2
2011,Hudson,6,1,0,0,0,1
2011,Hudson,7,0,0,0,2,2
2011,Hudson,8,2,0,1,1,4
2011,Hudson,9,2,1,0,2,5
2011,Hudson,10,0,1,0,1,2
2011,Hudson,11,0,0,0,2,2
2011,Hudson,12,1,0,0,0,1
2011,Hunterdon,1,1,0,0,0,1
2011,Hunterdon,3,3,0,0,0,3
2011,Hunterdon,6,1,0,0,0,1
2011,Hunterdon,7,0,1,1,0,2
2011,Hunterdon,8,1,0,0,0,1
2011,Hunterdon,10,0,1,0,1,2
2011,Mercer,3,0,0,0,1,1
2011,Mercer,4,1,0,0,1,2
2011,Mercer,5,1,0,1,1,3
2011,Mercer,6,3,0,0,0,3
2011,Mercer,7,1,0,0,0,1
2011,Mercer,8,1,0,0,0,1
2011,Mercer,9,2,0,0,0,2
2011,Mercer,10,0,0,0,1,1
2011,Mercer,11,1,0,0,2,3
2011,Mercer,12,3,0,0,2,5
2011,Middlesex,1,1,0,0,1,2
2011,Middlesex,2,5,2,0,2,9
2011,Middlesex,3,2,1,0,0,3
2011,Middlesex,4,1,1,0,0,2
2011,Middlesex,5,3,0,0,2,5
2011,Middlesex,6,2,0,0,0,2
2011,Middlesex,7,7,0,0,2,9
2011,Middlesex,8,3,0,0,0,3
2011,Middlesex,9,2,0,0,0,2
2011,Middlesex,10,3,1,0,1,5
2011,Middlesex,11,1,1,0,4,6
2011,Middlesex,12,5,0,0,1,6
2011,Monmouth,2,0,1,0,2,3
2011,Monmouth,3,2,0,0,0,2
2011,Monmouth,4,4,0,0,0,4
2011,Monmouth,5,3,0,0,0,3
2011,Monmouth,6,1,0,0,0,1
2011,Monmouth,7,0,5,0,0,5
2011,Monmouth,8,2,0,1,0,3
2011,Monmouth,9,5,1,1,0,7
2011,Monmouth,10,4,1,0,1,6
2011,Monmouth,11,2,0,0,0,2
2011,Monmouth,12,3,1,0,2,6
2011,Morris,1,2,0,0,0,2
2011,Morris,2,1,0,0,0,1
2011,Morris,3,1,0,0,0,1
2011,Morris,4,1,0,0,0,1
2011,Morris,6,0,1,0,0,1
2011,Morris,7,4,0,0,0,4
2011,Morris,8,2,0,0,0,2
2011,Morris,9,3,0,0,0,3
2011,Morris,10,5,0,0,1,6
2011,Morris,11,1,0,0,0,1
2011,Morris,12,1,0,0,1,2
2011,Ocean,1,0,0,1,1,2
2011,Ocean,2,2,2,0,0,4
2011,Ocean,3,1,0,0,4,5
2011,Ocean,4,2,1,0,1,4
2011,Ocean,5,2,1,1,3,7
2011,Ocean,6,2,0,0,1,3
2011,Ocean,7,2,0,0,0,2
2011,Ocean,8,0,0,0,1,1
2011,Ocean,9,3,1,0,2,6
2011,Ocean,10,7,1,1,2,11
2011,Ocean,11,0,1,0,0,1
2011,Ocean,12,3,2,0,1,6
2011,Passaic,1,0,1,0,2,3
2011,Passaic,2,1,0,0,1,2
2011,Passaic,3,0,0,0,1,1
2011,Passaic,4,3,0,0,1,4
2011,Passaic,5,1,0,0,0,1
2011,Passaic,6,0,0,1,0,1
2011,Passaic,7,1,0,0,0,1
2011,Passaic,8,0,0,0,2,2
2011,Passaic,9,1,1,0,3,5
2011,Salem,2,2,1,0,0,3
2011,Salem,4,2,0,0,0,2
2011,Salem,5,0,0,0,1,1
2011,Salem,6,1,0,0,0,1
2011,Salem,7,4,2,0,0,6
2011,Salem,8,1,0,0,0,1
2011,Salem,10,0,0,0,1,1
2011,Salem,12,0,1,0,0,1
2011,Somerset,4,1,0,0,0,1
2011,Somerset,5,2,0,0,0,2
2011,Somerset,6,2,0,0,1,3
2011,Somerset,7,3,0,0,0,3
2011,Somerset,8,0,0,1,0,1
2011,Somerset,9,2,0,0,0,2
2011,Somerset,10,1,1,0,0,2
2011,Somerset,11,1,1,0,0,2
2011,Somerset,12,0,0,1,1,2
2011,Sussex,3,1,0,0,0,1
2011,Sussex,4,1,0,0,0,1
2011,Sussex,6,1,1,0,1,3
2011,Sussex,10,2,0,0,0,2
2011,Sussex,11,1,1,0,0,2
2011,Sussex,12,1,1,0,0,2
2011,Union,2,1,0,0,0,1
2011,Union,3,1,1,0,0,2
2011,Union,4,1,2,0,1,4
2011,Union,5,2,1,1,0,4
2011,Union,6,0,0,0,1,1
2011,Union,8,1,0,0,0,1
2011,Union,9,1,0,0,0,1
2011,Union,10,3,0,0,2,5
2011,Union,11,1,0,0,2,3
2011,Union,12,1,0,0,3,4
2011,Warren,2,1,2,0,0,3
2011,Warren,4,1,0,0,0,1
2011,Warren,5,4,0,0,0,4
2011,Warren,6,1,0,0,0,1
2011,Warren,7,1,0,0,0,1
2011,Warren,8,1,0,0,0,1
2011,Warren,10,3,0,0,0,3
2011,Warren,11,1,0,0,0,1
2012,Atlantic,1,1,2,0,0,3
2012,Atlantic,2,2,0,1,0,3
2012,Atlantic,3,3,1,0,0,4
2012,Atlantic,5,2,1,0,1,4
2012,Atlantic,6,4,1,0,0,5
2012,Atlantic,7,2,2,0,1,5
2012,Atlantic,8,0,1,0,0,1
2012,Atlantic,9,2,0,0,0,2
2012,Atlantic,10,0,0,0,1,1
2012,Atlantic,11,0,0,0,4,4
2012,Bergen,1,4,2,0,1,7
2012,Bergen,2,1,0,0,2,3
2012,Bergen,3,1,1,0,0,2
2012,Bergen,4,2,1,0,1,4
2012,Bergen,5,1,0,0,1,2
2012,Bergen,6,1,0,0,0,1
2012,Bergen,7,3,1,0,2,6
2012,Bergen,8,1,1,0,0,2
2012,Bergen,9,1,0,0,1,2
2012,Bergen,10,1,0,0,0,1
2012,Bergen,11,0,0,0,2,2
2012,Bergen,12,1,0,0,0,1
2012,Burlington,1,1,0,0,1,2
2012,Burlington,2,2,3,0,1,6
2012,Burlington,3,2,1,0,1,4
2012,Burlington,4,3,0,0,1,4
2012,Burlington,5,2,1,0,1,4
2012,Burlington,6,5,0,0,0,5
2012,Burlington,7,2,1,0,1,4
2012,Burlington,8,3,2,0,1,6
2012,Burlington,9,1,1,0,1,3
2012,Burlington,10,2,1,0,0,3
2012,Burlington,11,3,2,0,1,6
2012,Burlington,12,2,2,0,2,6
2012,Camden,1,3,0,0,1,4
2012,Camden,2,1,0,0,0,1
2012,Camden,3,1,0,0,2,3
2012,Camden,4,3,0,0,0,3
2012,Camden,6,1,1,0,0,2
2012,Camden,7,1,1,0,0,2
2012,Camden,8,1,0,0,1,2
2012,Camden,9,1,1,1,1,4
2012,Camden,10,2,1,0,0,3
2012,Camden,11,1,0,0,1,2
2012,Cape May,2,0,0,0,1,1
2012,Cape May,4,0,0,0,1,1
2012,Cape May,5,1,0,0,0,1
2012,Cape May,7,0,1,0,2,3
2012,Cape May,8,1,0,0,1,2
2012,Cape May,9,1,0,0,0,1
2012,Cape May,10,1,0,0,0,1
2012,Cape May,11,1,0,0,0,1
2012,Cumberland,1,0,1,0,0,1
2012,Cumberland,2,2,1,0,0,3
2012,Cumberland,3,0,0,1,0,1
2012,Cumberland,6,1,0,0,1,2
2012,Cumberland,7,1,0,0,1,2
2012,Cumberland,8,2,0,0,0,2
2012,Cumberland,9,1,0,0,1,2
2012,Cumberland,10,1,0,0,1,2
2012,Cumberland,11,0,0,0,1,1
2012,Cumberland,12,1,0,0,1,2
2012,Essex,1,0,0,0,2,2
2012,Essex,2,0,1,1,1,3
2012,Essex,3,1,0,0,0,1
2012,Essex,4,0,0,1,2,3
2012,Essex,5,2,0,0,0,2
2012,Essex,6,1,2,0,2,5
2012,Essex,7,1,0,0,4,5
2012,Essex,8,1,1,0,2,4
2012,Essex,9,1,2,0,1,4
2012,Essex,10,1,0,0,3,4
2012,Essex,11,1,2,0,3,6
2012,Essex,12,0,0,0,2,2
2012,Gloucester,1,1,0,0,0,1
2012,Gloucester,3,2,0,0,0,2
2012,Gloucester,4,1,1,0,0,2
2012,Gloucester,5,1,0,0,0,1
2012,Gloucester,6,1,1,0,0,2
2012,Gloucester,7,3,2,0,1,6
2012,Gloucester,8,1,0,0,0,1
2012,Gloucester,9,1,0,0,1,2
2012,Gloucester,10,1,0,0,0,1
2012,Gloucester,11,1,0,0,0,1
2012,Gloucester,12,2,0,0,2,4
2012,Hudson,1,0,1,0,1,2
2012,Hudson,2,0,0,1,1,2
2012,Hudson,3,2,1,0,1,4
2012,Hudson,4,2,0,0,0,2
2012,Hudson,5,0,0,0,1,1
2012,Hudson,6,1,0,0,0,1
2012,Hudson,7,2,0,0,1,3
2012,Hudson,8,2,0,0,2,4
2012,Hudson,10,0,0,0,1,1
2012,Hudson,11,1,1,0,0,2
2012,Hudson,12,2,0,0,0,2
2012,Hunterdon,1,0,2,0,0,2
2012,Hunterdon,5,2,0,0,0,2
2012,Hunterdon,6,0,0,1,0,1
2012,Hunterdon,11,0,0,0,1,1
2012,Mercer,1,0,0,0,3,3
2012,Mercer,2,0,0,0,1,1
2012,Mercer,3,1,0,0,1,2
2012,Mercer,4,1,0,0,1,2
2012,Mercer,5,1,0,1,0,2
2012,Mercer,7,1,0,0,0,1
2012,Mercer,8,0,0,0,2,2
2012,Mercer,9,1,0,0,0,1
2012,Mercer,10,4,0,0,1,5
2012,Mercer,11,0,0,0,1,1
2012,Mercer,12,2,0,0,1,3
2012,Middlesex,1,2,0,1,2,5
2012,Middlesex,2,4,1,0,2,7
2012,Middlesex,3,3,1,0,2,6
2012,Middlesex,4,3,1,0,0,4
2012,Middlesex,5,2,1,0,0,3
2012,Middlesex,6,1,0,0,2,3
2012,Middlesex,7,1,1,0,3,5
2012,Middlesex,8,2,0,0,2,4
2012,Middlesex,9,4,3,0,4,11
2012,Middlesex,10,2,3,0,0,5
2012,Middlesex,11,7,0,0,0,7
2012,Middlesex,12,1,2,0,2,5
2012,Monmouth,1,5,0,0,2,7
2012,Monmouth,3,1,1,0,0,2
2012,Monmouth,4,2,0,0,1,3
2012,Monmouth,6,3,0,0,0,3
2012,Monmouth,7,1,0,0,1,2
2012,Monmouth,8,0,0,0,1,1
2012,Monmouth,9,5,2,0,1,8
2012,Monmouth,10,3,0,0,1,4
2012,Monmouth,11,2,0,0,1,3
2012,Monmouth,12,1,0,0,2,3
2012,Morris,1,2,0,0,0,2
2012,Morris,2,1,1,0,0,2
2012,Morris,3,2,0,0,0,2
2012,Morris,4,1,0,0,0,1
2012,Morris,5,0,0,0,1,1
2012,Morris,6,1,2,0,0,3
2012,Morris,7,0,1,0,0,1
2012,Morris,8,1,1,0,0,2
2012,Morris,9,2,0,0,1,3
2012,Morris,10,3,2,0,0,5
2012,Morris,11,3,0,0,0,3
2012,Morris,12,2,1,0,2,5
2012,Ocean,1,0,1,0,0,1
2012,Ocean,2,1,1,0,0,2
2012,Ocean,3,3,0,0,1,4
2012,Ocean,4,5,1,0,0,6
2012,Ocean,5,1,0,0,2,3
2012,Ocean,6,5,0,1,0,6
2012,Ocean,7,2,1,0,1,4
2012,Ocean,8,0,0,1,0,1
2012,Ocean,9,4,0,0,1,5
2012,Ocean,10,5,1,1,0,7
2012,Ocean,11,5,1,1,0,7
2012,Ocean,12,2,0,0,5,7
2012,Passaic,1,1,0,0,1,2
2012,Passaic,2,1,2,0,0,3
2012,Passaic,3,0,0,0,2,2
2012,Passaic,4,3,1,0,0,4
2012,Passaic,5,1,0,0,0,1
2012,Passaic,6,2,0,0,1,3
2012,Passaic,7,0,1,0,1,2
2012,Passaic,8,2,0,0,2,4
2012,Passaic,9,1,0,0,3,4
2012,Passaic,10,2,0,0,0,2
2012,Passaic,11,3,1,0,0,4
2012,Salem,1,1,0,0,0,1
2012,Salem,4,1,0,0,0,1
2012,Salem,5,2,1,0,1,4
2012,Salem,7,2,0,0,0,2
2012,Salem,9,1,0,0,0,1
2012,Somerset,1,1,0,0,0,1
2012,Somerset,2,0,1,0,0,1
2012,Somerset,3,1,0,0,0,1
2012,Somerset,5,3,2,0,1,6
2012,Somerset,7,2,0,0,0,2
2012,Somerset,8,0,0,0,1,1
2012,Somerset,10,0,0,0,1,1
2012,Somerset,11,0,2,0,0,2
2012,Somerset,12,2,0,0,1,3
2012,Sussex,1,2,0,0,0,2
2012,Sussex,3,1,0,0,1,2
2012,Sussex,4,1,0,0,0,1
2012,Sussex,5,2,0,0,0,2
2012,Sussex,7,1,0,0,0,1
2012,Sussex,9,1,0,0,0,1
2012,Sussex,10,1,2,0,0,3
2012,Sussex,11,1,0,0,0,1
2012,Sussex,12,1,0,0,1,2
2012,Union,1,1,0,0,1,2
2012,Union,2,0,0,0,2,2
2012,Union,3,1,1,0,1,3
2012,Union,4,1,0,0,2,3
2012,Union,5,2,0,0,0,2
2012,Union,6,3,2,0,0,5
2012,Union,7,0,0,1,0,1
2012,Union,8,1,1,0,1,3
2012,Union,10,0,0,0,1,1
2012,Union,11,2,0,0,0,2
2012,Union,12,2,0,0,2,4
2012,Warren,1,1,0,0,0,1
2012,Warren,5,3,0,0,0,3
2012,Warren,6,1,0,0,0,1
2012,Warren,7,1,0,0,0,1
2012,Warren,8,0,1,0,1,2
2012,Warren,10,2,2,0,0,4
2012,Warren,12,0,1,0,0,1
2013,Atlantic,1,1,0,0,1,2
2013,Atlantic,2,2,0,0,0,2
2013,Atlantic,3,4,2,1,0,7
2013,Atlantic,4,1,1,0,0,2
2013,Atlantic,5,3,1,0,0,4
2013,Atlantic,6,1,0,0,0,1
2013,Atlantic,7,3,0,0,0,3
2013,Atlantic,8,4,0,0,0,4
2013,Atlantic,9,4,0,0,0,4
2013,Atlantic,10,2,0,0,1,3
2013,Atlantic,11,4,0,0,1,5
2013,Atlantic,12,2,2,0,1,5
2013,Bergen,1,1,3,0,2,6
2013,Bergen,2,0,0,0,1,1
2013,Bergen,3,0,1,0,2,3
2013,Bergen,4,0,0,0,1,1
2013,Bergen,6,0,1,0,1,2
2013,Bergen,7,2,0,0,0,2
2013,Bergen,8,0,0,0,4,4
2013,Bergen,9,1,0,0,3,4
2013,Bergen,10,2,1,0,2,5
2013,Bergen,11,2,0,0,3,5
2013,Bergen,12,1,0,1,2,4
2013,Burlington,1,1,1,0,0,2
2013,Burlington,2,1,0,0,1,2
2013,Burlington,3,2,0,0,2,4
2013,Burlington,5,2,1,0,0,3
2013,Burlington,6,4,1,1,0,6
2013,Burlington,7,7,1,0,0,8
2013,Burlington,8,3,0,0,0,3
2013,Burlington,9,1,0,0,0,1
2013,Burlington,10,0,1,0,1,2
2013,Burlington,12,3,0,0,1,4
2013,Camden,1,1,1,1,0,3
2013,Camden,2,1,1,0,0,2
2013,Camden,3,1,1,0,3,5
2013,Camden,5,1,0,0,1,2
2013,Camden,6,0,1,0,1,2
2013,Camden,7,1,1,0,2,4
2013,Camden,8,3,0,0,0,3
2013,Camden,9,3,0,0,1,4
2013,Camden,10,0,1,0,0,1
2013,Camden,11,1,0,0,3,4
2013,Camden,12,1,0,0,0,1
2013,Cape May,1,1,1,0,0,2
2013,Cape May,7,1,0,0,0,1
2013,Cape May,8,1,0,0,0,1
2013,Cape May,10,1,0,0,0,1
2013,Cumberland,1,1,0,0,0,1
2013,Cumberland,2,0,1,0,0,1
2013,Cumberland,3,1,2,0,2,5
2013,Cumberland,4,1,0,0,0,1
2013,Cumberland,5,1,0,0,1,2
2013,Cumberland,6,1,0,0,0,1
2013,Cumberland,7,2,0,0,0,2
2013,Cumberland,8,3,0,0,0,3
2013,Cumberland,9,1,0,0,1,2
2013,Cumberland,10,0,0,0,1,1
2013,Cumberland,11,2,1,0,0,3
2013,Cumberland,12,2,0,0,0,2
2013,Essex,1,2,0,0,0,2
2013,Essex,2,0,0,0,1,1
2013,Essex,3,0,0,1,3,4
2013,Essex,4,2,0,0,1,3
2013,Essex,5,4,1,0,2,7
2013,Essex,6,3,0,0,0,3
2013,Essex,7,0,0,0,1,1
2013,Essex,8,2,3,0,0,5
2013,Essex,9,3,2,0,1,6
2013,Essex,10,2,1,0,2,5
2013,Essex,11,0,1,0,0,1
2013,Essex,12,0,0,0,2,2
2013,Gloucester,1,1,0,0,1,2
2013,Gloucester,3,0,1,0,1,2
2013,Gloucester,4,1,0,0,1,2
2013,Gloucester,5,2,0,0,1,3
2013,Gloucester,6,2,1,0,1,4
2013,Gloucester,7,2,1,0,0,3
2013,Gloucester,8,2,0,0,0,2
2013,Gloucester,9,2,0,0,0,2
2013,Gloucester,10,1,0,0,2,3
2013,Gloucester,11,2,0,0,0,2
2013,Gloucester,12,1,0,0,0,1
2013,Hudson,1,0,0,1,0,1
2013,Hudson,3,1,0,0,2,3
2013,Hudson,4,0,0,0,1,1
2013,Hudson,5,0,0,0,1,1
2013,Hudson,6,1,0,1,0,2
2013,Hudson,7,0,0,0,1,1
2013,Hudson,8,1,2,0,0,3
2013,Hudson,9,1,0,0,1,2
2013,Hudson,10,1,0,0,0,1
2013,Hudson,12,1,0,0,0,1
2013,Hunterdon,7,2,0,0,0,2
2013,Hunterdon,8,1,1,0,1,3
2013,Hunterdon,9,2,0,0,0,2
2013,Hunterdon,12,1,1,0,0,2
2013,Mercer,1,1,0,0,2,3
2013,Mercer,2,1,0,0,0,1
2013,Mercer,3,1,0,1,2,4
2013,Mercer,4,2,0,0,0,2
2013,Mercer,5,2,1,0,0,3
2013,Mercer,6,2,2,0,1,5
2013,Mercer,7,1,0,0,0,1
2013,Mercer,8,0,3,0,1,4
2013,Mercer,10,2,3,0,0,5
2013,Mercer,11,0,1,0,0,1
2013,Mercer,12,1,4,0,2,7
2013,Middlesex,1,1,1,0,1,3
2013,Middlesex,2,3,0,0,1,4
2013,Middlesex,3,2,0,0,3,5
2013,Middlesex,4,5,0,0,2,7
2013,Middlesex,5,2,1,0,1,4
2013,Middlesex,6,5,1,0,0,6
2013,Middlesex,7,1,0,0,1,2
2013,Middlesex,8,5,0,0,0,5
2013,Middlesex,9,3,0,0,1,4
2013,Middlesex,10,0,1,0,1,2
2013,Middlesex,11,3,1,0,2,6
2013,Middlesex,12,0,1,1,2,4
2013,Monmouth,1,1,0,0,1,2
2013,Monmouth,2,0,1,0,0,1
2013,Monmouth,3,2,0,0,1,3
2013,Monmouth,4,4,1,0,0,5
2013,Monmouth,5,1,0,0,1,2
2013,Monmouth,6,1,1,0,0,2
2013,Monmouth,8,1,0,0,1,2
2013,Monmouth,9,3,0,0,1,4
2013,Monmouth,10,2,0,0,0,2
2013,Monmouth,11,1,2,0,0,3
2013,Monmouth,12,1,0,0,0,1
2013,Morris,1,1,0,0,1,2
2013,Morris,2,0,0,0,1,1
2013,Morris,3,0,0,0,1,1
2013,Morris,5,1,0,0,0,1
2013,Morris,6,0,2,0,0,2
2013,Morris,7,1,0,0,1,2
2013,Morris,8,2,3,1,0,6
2013,Morris,10,1,0,0,0,1
2013,Morris,11,5,1,0,1,7
2013,Morris,12,2,0,0,0,2
2013,Ocean,1,6,0,0,0,6
2013,Ocean,2,0,1,0,1,2
2013,Ocean,3,3,1,0,2,6
2013,Ocean,4,3,1,0,1,5
2013,Ocean,5,4,0,0,1,5
2013,Ocean,6,4,2,0,1,7
2013,Ocean,7,2,1,0,0,3
2013,Ocean,8,2,0,0,0,2
2013,Ocean,10,2,1,0,0,3
2013,Ocean,11,3,1,0,1,5
2013,Ocean,12,3,1,0,1,5
2013,Passaic,1,1,0,0,0,1
2013,Passaic,2,0,0,0,1,1
2013,Passaic,3,0,0,0,2,2
2013,Passaic,4,2,0,0,0,2
2013,Passaic,5,3,0,0,0,3
2013,Passaic,6,0,0,0,1,1
2013,Passaic,7,1,0,0,0,1
2013,Passaic,8,3,0,1,1,5
2013,Passaic,9,4,0,0,0,4
2013,Passaic,10,0,0,0,1,1
2013,Passaic,11,2,0,0,1,3
2013,Passaic,12,2,0,0,1,3
2013,Salem,3,1,0,0,0,1
2013,Salem,5,1,0,0,0,1
2013,Salem,6,2,0,1,0,3
2013,Salem,7,1,0,0,0,1
2013,Salem,10,1,0,0,0,1
2013,Salem,11,1,0,0,0,1
2013,Salem,12,0,0,1,0,1
2013,Somerset,1,2,0,0,0,2
2013,Somerset,2,0,1,0,0,1
2013,Somerset,3,1,0,0,0,1
2013,Somerset,4,1,0,0,0,1
2013,Somerset,5,0,0,1,0,1
2013,Somerset,6,3,1,0,0,4
2013,Somerset,7,0,2,0,0,2
2013,Somerset,9,1,0,0,1,2
2013,Somerset,11,2,0,0,0,2
2013,Somerset,12,2,0,0,1,3
2013,Sussex,5,1,0,0,0,1
2013,Sussex,6,1,0,0,0,1
2013,Sussex,8,1,0,0,0,1
2013,Sussex,10,2,0,0,0,2
2013,Sussex,12,0,0,0,1,1
2013,Union,1,0,0,0,2,2
2013,Union,2,0,0,0,1,1
2013,Union,3,0,0,0,1,1
2013,Union,5,2,0,0,0,2
2013,Union,8,1,1,0,1,3
2013,Union,9,2,0,0,0,2
2013,Union,10,1,0,0,0,1
2013,Union,11,4,0,0,0,4
2013,Union,12,0,0,0,2,2
2013,Warren,5,1,0,0,0,1
2013,Warren,7,0,2,0,0,2
2013,Warren,8,1,0,0,0,1
2013,Warren,10,2,0,0,0,2
2013,Warren,12,1,2,0,0,3
2015,Atlantic,1,1,0,0,2,3
2015,Atlantic,2,1,1,0,1,3
2015,Atlantic,3,1,1,0,0,2
2015,Atlantic,4,0,0,0,1,1
2015,Atlantic,5,1,0,0,0,1
2015,Atlantic,7,0,2,0,1,3
2015,Atlantic,8,1,0,0,1,2
2015,Atlantic,9,3,2,0,2,7
2015,Atlantic,10,1,0,0,0,1
2015,Atlantic,11,4,0,0,0,4
2015,Atlantic,12,0,0,0,2,2
2015,Bergen,1,0,0,0,1,1
2015,Bergen,2,1,0,0,1,2
2015,Bergen,3,0,0,1,2,3
2015,Bergen,4,3,1,0,0,4
2015,Bergen,5,1,0,0,1,2
2015,Bergen,6,3,0,1,2,6
2015,Bergen,7,2,0,1,1,4
2015,Bergen,8,1,0,0,0,1
2015,Bergen,9,0,0,1,0,1
2015,Bergen,10,0,0,0,1,1
2015,Bergen,11,0,0,0,1,1
2015,Bergen,12,1,1,0,2,4
2015,Burlington,1,0,2,0,0,2
2015,Burlington,2,2,1,0,0,3
2015,Burlington,3,0,0,0,3,3
2015,Burlington,4,1,0,0,0,1
2015,Burlington,5,5,2,0,1,8
2015,Burlington,6,5,0,0,0,5
2015,Burlington,7,0,0,1,0,1
2015,Burlington,8,3,2,0,2,7
2015,Burlington,9,1,0,0,0,1
2015,Burlington,10,1,1,0,0,2
2015,Burlington,11,1,0,0,2,3
2015,Burlington,12,4,3,0,4,11
2015,Camden,1,5,2,0,0,7
2015,Camden,2,1,0,0,0,1
2015,Camden,3,1,1,0,0,2
2015,Camden,4,1,0,0,1,2
2015,Camden,5,3,0,0,1,4
2015,Camden,6,1,1,0,1,3
2015,Camden,7,2,0,0,0,2
2015,Camden,8,1,0,0,0,1
2015,Camden,9,3,0,0,1,4
2015,Camden,10,3,1,0,0,4
2015,Camden,11,2,0,0,0,2
2015,Camden,12,2,0,0,1,3
2015,Cape May,1,0,0,0,1,1
2015,Cape May,2,1,0,0,1,2
2015,Cape May,3,1,0,0,1,2
2015,Cape May,6,1,0,0,0,1
2015,Cape May,7,2,0,0,0,2
2015,Cape May,8,0,0,1,0,1
2015,Cape May,9,1,0,0,0,1
2015,Cape May,10,1,0,0,1,2
2015,Cumberland,2,0,1,0,1,2
2015,Cumberland,3,2,0,0,0,2
2015,Cumberland,4,1,0,0,0,1
2015,Cumberland,5,3,1,0,0,4
2015,Cumberland,6,2,0,0,1,3
2015,Cumberland,7,2,0,0,0,2
2015,Cumberland,8,3,0,0,1,4
2015,Cumberland,9,1,0,1,0,2
2015,Cumberland,10,4,0,0,0,4
2015,Cumberland,11,3,0,0,1,4
2015,Cumberland,12,1,0,0,0,1
2015,Essex,1,0,0,0,2,2
2015,Essex,2,2,0,0,3,5
2015,Essex,3,1,0,0,1,2
2015,Essex,4,1,0,0,1,2
2015,Essex,5,0,0,0,1,1
2015,Essex,6,0,0,0,1,1
2015,Essex,7,2,0,0,2,4
2015,Essex,8,0,0,0,1,1
2015,Essex,9,3,1,0,4,8
2015,Essex,10,0,0,0,3,3
2015,Essex,11,2,1,0,3,6
2015,Essex,12,0,1,0,4,5
2015,Gloucester,1,1,0,0,1,2
2015,Gloucester,3,1,0,0,1,2
2015,Gloucester,4,1,1,0,1,3
2015,Gloucester,6,2,1,0,0,3
2015,Gloucester,7,2,1,0,1,4
2015,Gloucester,8,1,1,0,0,2
2015,Gloucester,9,1,0,0,0,1
2015,Gloucester,10,1,0,0,0,1
2015,Gloucester,11,0,2,0,1,3
2015,Gloucester,12,2,0,0,0,2
2015,Hudson,1,1,0,0,2,3
2015,Hudson,2,0,1,0,1,2
2015,Hudson,3,0,0,0,2,2
2015,Hudson,4,0,0,0,1,1
2015,Hudson,5,1,0,0,2,3
2015,Hudson,6,1,0,0,2,3
2015,Hudson,7,0,0,0,2,2
2015,Hudson,8,1,0,0,0,1
2015,Hudson,9,0,0,0,1,1
2015,Hudson,10,2,0,0,1,3
2015,Hudson,11,0,0,0,2,2
2015,Hudson,12,2,1,0,1,4
2015,Hunterdon,1,0,1,0,0,1
2015,Hunterdon,5,0,0,0,1,1
2015,Hunterdon,8,1,0,0,0,1
2015,Hunterdon,9,3,0,0,0,3
2015,Hunterdon,10,0,0,0,1,1
2015,Hunterdon,11,2,0,0,0,2
2015,Mercer,1,2,0,0,1,3
2015,Mercer,3,0,2,0,2,4
2015,Mercer,4,2,1,0,0,3
2015,Mercer,6,0,0,1,0,1
2015,Mercer,7,0,1,0,0,1
2015,Mercer,8,2,0,0,0,2
2015,Mercer,9,0,1,1,0,2
2015,Mercer,12,1,1,0,1,3
2015,Middlesex,1,1,0,0,0,1
2015,Middlesex,2,3,3,0,1,7
2015,Middlesex,3,0,0,0,1,1
2015,Middlesex,5,2,3,0,2,7
2015,Middlesex,6,3,1,0,1,5
2015,Middlesex,7,0,1,0,0,1
2015,Middlesex,8,1,0,0,0,1
2015,Middlesex,9,2,2,1,2,7
2015,Middlesex,10,1,1,0,3,5
2015,Middlesex,11,2,0,0,0,2
2015,Middlesex,12,1,1,0,2,4
2015,Monmouth,1,1,0,0,0,1
2015,Monmouth,3,2,0,0,0,2
2015,Monmouth,4,1,0,0,0,1
2015,Monmouth,5,4,0,0,0,4
2015,Monmouth,6,5,1,0,2,8
2015,Monmouth,7,0,0,0,2,2
2015,Monmouth,8,0,1,0,5,6
2015,Monmouth,9,2,2,0,0,4
2015,Monmouth,10,1,1,0,2,4
2015,Monmouth,11,3,1,0,3,7
2015,Monmouth,12,4,2,0,2,8
2015,Morris,2,1,1,0,1,3
2015,Morris,3,2,0,0,0,2
2015,Morris,4,3,0,0,0,3
2015,Morris,5,1,0,0,1,2
2015,Morris,6,3,1,0,2,6
2015,Morris,7,1,2,0,0,3
2015,Morris,9,1,0,0,2,3
2015,Morris,10,0,0,1,0,1
2015,Ocean,1,1,0,0,2,3
2015,Ocean,2,1,0,0,1,2
2015,Ocean,3,0,1,0,3,4
2015,Ocean,4,1,0,1,0,2
2015,Ocean,5,3,1,0,0,4
2015,Ocean,6,2,0,0,0,2
2015,Ocean,7,3,0,0,1,4
2015,Ocean,8,4,0,0,0,4
2015,Ocean,9,2,0,1,0,3
2015,Ocean,10,2,1,0,1,4
2015,Ocean,11,1,1,0,1,3
2015,Ocean,12,1,0,0,2,3
2015,Passaic,1,3,0,0,1,4
2015,Passaic,4,0,1,0,1,2
2015,Passaic,5,2,2,0,0,4
2015,Passaic,6,1,0,0,1,2
2015,Passaic,7,1,2,0,0,3
2015,Passaic,8,3,1,1,0,5
2015,Passaic,10,3,1,0,0,4
2015,Passaic,11,1,0,1,4,6
2015,Passaic,12,1,0,0,1,2
2015,Salem,4,0,0,0,1,1
2015,Salem,5,1,0,0,0,1
2015,Salem,6,1,0,0,0,1
2015,Salem,7,1,1,0,0,2
2015,Salem,9,1,0,0,1,2
2015,Salem,11,1,1,0,0,2
2015,Salem,12,2,0,0,0,2
2015,Somerset,1,3,1,0,0,4
2015,Somerset,2,2,1,0,0,3
2015,Somerset,3,2,1,1,1,5
2015,Somerset,4,0,0,0,1,1
2015,Somerset,7,1,1,0,0,2
2015,Somerset,8,1,2,0,0,3
2015,Somerset,11,0,2,0,0,2
2015,Somerset,12,0,0,0,1,1
2015,Sussex,1,1,0,0,0,1
2015,Sussex,2,0,0,0,1,1
2015,Sussex,3,1,0,0,0,1
2015,Sussex,5,1,0,0,0,1
2015,Sussex,6,1,0,0,0,1
2015,Sussex,9,3,0,0,0,3
2015,Sussex,10,1,0,0,0,1
2015,Sussex,12,1,0,0,0,1
2015,Union,1,1,0,0,1,2
2015,Union,2,0,1,0,0,1
2015,Union,3,0,0,0,1,1
2015,Union,4,1,0,0,0,1
2015,Union,5,3,0,0,0,3
2015,Union,6,1,1,0,2,4
2015,Union,7,1,0,0,2,3
2015,Union,8,1,0,0,0,1
2015,Union,9,1,0,1,1,3
2015,Union,10,1,1,0,0,2
2015,Union,11,0,0,0,1,1
2015,Union,12,2,2,0,3,7
2015,Warren,4,1,0,0,0,1
2015,Warren,7,1,0,0,0,1
2015,Warren,8,1,0,0,0,1
2015,Warren,9,0,1,0,0,1
2015,Warren,10,1,1,0,0,2
2015,Warren,11,2,0,0,0,2
2016,Atlantic,1,1,0,0,1,2
2016,Atlantic,2,0,0,0,1,1
2016,Atlantic,3,1,0,0,0,1
2016,Atlantic,4,1,0,0,1,2
2016,Atlantic,5,1,1,2,0,4
2016,Atlantic,6,6,1,0,1,8
2016,Atlantic,7,5,0,0,1,6
2016,Atlantic,8,0,0,0,3,3
2016,Atlantic,10,1,1,2,2,6
2016,Atlantic,11,0,1,0,3,4
2016,Atlantic,12,3,0,0,0,3
2016,Bergen,1,2,0,0,0,2
2016,Bergen,2,4,0,0,2,6
2016,Bergen,3,1,0,0,0,1
2016,Bergen,5,0,0,0,1,1
2016,Bergen,6,2,1,0,3,6
2016,Bergen,7,2,0,0,1,3
2016,Bergen,8,1,0,0,2,3
2016,Bergen,9,0,1,0,1,2
2016,Bergen,10,2,2,0,2,6
2016,Bergen,11,2,1,0,1,4
2016,Bergen,12,0,0,0,1,1
2016,Burlington,1,2,0,0,0,2
2016,Burlington,2,0,1,0,0,1
2016,Burlington,3,1,0,0,0,1
2016,Burlington,4,1,0,0,0,1
2016,Burlington,5,4,1,0,1,6
2016,Burlington,6,2,0,0,0,2
2016,Burlington,7,3,0,0,2,5
2016,Burlington,8,5,1,0,1,7
2016,Burlington,9,5,2,0,1,8
2016,Burlington,10,3,0,0,5,8
2016,Burlington,11,2,0,1,2,5
2016,Burlington,12,3,0,0,1,4
2016,Camden,1,0,0,0,4,4
2016,Camden,2,2,0,0,1,3
2016,Camden,3,2,0,0,1,3
2016,Camden,4,1,0,0,2,3
2016,Camden,5,1,0,0,0,1
2016,Camden,6,0,0,1,0,1
2016,Camden,7,5,0,0,0,5
2016,Camden,8,3,2,0,0,5
2016,Camden,9,1,1,0,0,2
2016,Camden,10,0,0,0,1,1
2016,Camden,11,2,1,0,1,4
2016,Camden,12,2,1,0,4,7
2016,Cape May,1,1,0,0,0,1
2016,Cape May,3,1,0,0,1,2
2016,Cape May,5,1,0,0,0,1
2016,Cape May,6,0,1,0,0,1
2016,Cape May,7,1,1,0,0,2
2016,Cape May,8,0,0,0,1,1
2016,Cape May,9,1,0,0,0,1
2016,Cape May,10,1,1,0,0,2
2016,Cape May,12,1,0,0,0,1
2016,Cumberland,1,0,1,0,0,1
2016,Cumberland,2,3,2,0,0,5
2016,Cumberland,3,1,1,0,0,2
2016,Cumberland,4,2,0,0,0,2
2016,Cumberland,5,1,1,0,0,2
2016,Cumberland,6,2,1,0,0,3
2016,Cumberland,7,0,0,0,2,2
2016,Cumberland,8,0,0,1,0,1
2016,Cumberland,9,3,1,0,0,4
2016,Cumberland,10,1,0,2,1,4
2016,Cumberland,11,1,0,0,0,1
2016,Cumberland,12,3,0,0,2,5
2016,Essex,1,1,1,0,2,4
2016,Essex,2,0,0,0,2,2
2016,Essex,3,1,0,0,0,1
2016,Essex,4,0,0,0,4,4
2016,Essex,5,3,0,0,5,8
2016,Essex,6,1,2,0,1,4
2016,Essex,7,1,0,0,0,1
2016,Essex,8,4,1,0,3,8
2016,Essex,9,1,0,1,1,3
2016,Essex,11,1,2,0,2,5
2016,Essex,12,4,0,0,2,6
2016,Gloucester,1,3,2,0,1,6
2016,Gloucester,2,2,0,0,0,2
2016,Gloucester,3,1,1,0,2,4
2016,Gloucester,4,1,0,0,1,2
2016,Gloucester,5,1,0,0,0,1
2016,Gloucester,6,1,0,0,0,1
2016,Gloucester,7,0,0,0,2,2
2016,Gloucester,8,1,0,0,0,1
2016,Gloucester,9,2,0,0,0,2
2016,Gloucester,11,1,0,1,1,3
2016,Gloucester,12,2,0,0,0,2
2016,Hudson,2,1,1,0,1,3
2016,Hudson,3,0,0,0,2,2
2016,Hudson,4,0,0,0,1,1
2016,Hudson,5,0,0,0,1,1
2016,Hudson,6,0,0,0,1,1
2016,Hudson,7,1,1,0,1,3
2016,Hudson,8,1,1,0,0,2
2016,Hudson,9,2,0,1,1,4
2016,Hudson,10,2,0,0,3,5
2016,Hudson,11,0,0,0,1,1
2016,Hudson,12,1,0,0,0,1
2016,Hunterdon,1,0,1,0,0,1
2016,Hunterdon,3,1,1,0,0,2
2016,Hunterdon,4,1,1,0,0,2
2016,Hunterdon,5,0,0,0,1,1
2016,Hunterdon,7,1,0,0,0,1
2016,Hunterdon,8,1,2,0,0,3
2016,Hunterdon,11,1,0,0,0,1
2016,Mercer,1,0,1,0,1,2
2016,Mercer,2,1,0,0,0,1
2016,Mercer,3,1,0,0,0,1
2016,Mercer,4,0,0,0,2,2
2016,Mercer,5,1,0,0,0,1
2016,Mercer,6,1,0,0,0,1
2016,Mercer,7,1,0,0,0,1
2016,Mercer,8,2,0,1,1,4
2016,Mercer,9,1,0,0,2,3
2016,Mercer,11,1,0,0,0,1
2016,Mercer,12,1,0,0,2,3
2016,Middlesex,1,1,1,0,1,3
2016,Middlesex,2,1,0,0,0,1
2016,Middlesex,3,3,1,0,1,5
2016,Middlesex,4,5,1,0,0,6
2016,Middlesex,5,3,0,0,1,4
2016,Middlesex,6,2,0,0,2,4
2016,Middlesex,7,7,1,0,1,9
2016,Middlesex,8,2,1,0,0,3
2016,Middlesex,9,1,1,0,0,2
2016,Middlesex,10,0,1,0,1,2
2016,Middlesex,11,2,0,0,0,2
2016,Middlesex,12,3,0,0,3,6
2016,Monmouth,1,1,1,0,2,4
2016,Monmouth,2,2,0,0,1,3
2016,Monmouth,3,3,1,0,1,5
2016,Monmouth,4,1,0,0,0,1
2016,Monmouth,5,5,0,0,0,5
2016,Monmouth,6,1,1,0,0,2
2016,Monmouth,7,4,2,0,0,6
2016,Monmouth,8,4,0,0,1,5
2016,Monmouth,9,4,0,0,1,5
2016,Monmouth,10,5,2,0,3,10
2016,Monmouth,11,2,0,0,1,3
2016,Monmouth,12,1,0,0,0,1
2016,Morris,1,1,0,0,0,1
2016,Morris,2,0,1,0,2,3
2016,Morris,4,2,0,0,0,2
2016,Morris,5,1,0,0,0,1
2016,Morris,6,2,1,0,0,3
2016,Morris,7,0,1,0,0,1
2016,Morris,8,1,0,0,0,1
2016,Morris,9,1,1,0,0,2
2016,Morris,10,0,2,0,1,3
2016,Morris,11,2,0,0,0,2
2016,Morris,12,1,0,0,1,2
2016,Ocean,1,1,0,0,0,1
2016,Ocean,2,3,1,0,0,4
2016,Ocean,3,2,1,0,1,4
2016,Ocean,4,4,0,0,0,4
2016,Ocean,5,2,0,0,0,2
2016,Ocean,6,1,0,0,1,2
2016,Ocean,7,2,0,0,0,2
2016,Ocean,8,2,1,0,2,5
2016,Ocean,9,2,2,0,1,5
2016,Ocean,10,2,0,1,0,3
2016,Ocean,11,3,2,0,1,6
2016,Ocean,12,1,0,0,2,3
2016,Passaic,1,1,0,0,1,2
2016,Passaic,3,3,0,0,0,3
2016,Passaic,4,3,0,0,1,4
2016,Passaic,5,3,0,0,1,4
2016,Passaic,6,1,0,0,0,1
2016,Passaic,7,1,0,0,0,1
2016,Passaic,10,1,0,0,1,2
2016,Passaic,11,1,1,0,1,3
2016,Passaic,12,1,0,0,1,2
2016,Salem,1,3,0,0,0,3
2016,Salem,2,1,0,0,0,1
2016,Salem,4,1,0,0,0,1
2016,Salem,5,2,1,0,0,3
2016,Salem,6,0,1,0,0,1
2016,Salem,7,1,0,0,0,1
2016,Somerset,2,1,0,0,1,2
2016,Somerset,4,1,0,0,0,1
2016,Somerset,6,3,0,0,0,3
2016,Somerset,7,2,1,0,0,3
2016,Somerset,8,1,0,1,2,4
2016,Somerset,9,1,0,0,0,1
2016,Somerset,10,0,0,0,1,1
2016,Somerset,11,1,0,0,1,2
2016,Somerset,12,1,0,0,1,2
2016,Sussex,1,2,0,0,0,2
2016,Sussex,2,0,1,0,0,1
2016,Sussex,3,2,0,0,0,2
2016,Sussex,7,2,1,0,0,3
2016,Sussex,9,1,0,0,0,1
2016,Sussex,10,1,2,0,0,3
2016,Union,2,1,0,0,1,2
2016,Union,3,0,0,0,1,1
2016,Union,4,0,0,0,2,2
2016,Union,5,2,1,0,1,4
2016,Union,6,1,2,0,0,3
2016,Union,7,1,0,0,1,2
2016,Union,8,3,0,0,1,4
2016,Union,9,2,0,0,0,2
2016,Union,10,3,0,0,1,4
2016,Union,11,2,1,0,1,4
2016,Union,12,1,0,0,1,2
2016,Warren,1,0,0,0,1,1
2016,Warren,2,1,0,0,0,1
2016,Warren,3,2,2,0,0,4
2016,Warren,4,1,0,1,0,2
2016,Warren,5,1,0,0,0,1
2016,Warren,7,0,1,0,0,1
2016,Warren,8,1,0,0,0,1
2016,Warren,9,1,0,0,0,1
2016,Warren,12,2,0,1,0,3
2017,Atlantic,1,3,0,0,1,4
2017,Atlantic,2,0,0,0,2,2
2017,Atlantic,3,2,1,0,0,3
2017,Atlantic,4,3,0,0,1,4
2017,Atlantic,5,1,0,0,0,1
2017,Atlantic,6,4,0,0,0,4
2017,Atlantic,7,0,1,0,0,1
2017,Atlantic,8,0,0,0,2,2
2017,Atlantic,9,2,1,0,1,4
2017,Atlantic,10,3,0,0,1,4
2017,Atlantic,11,0,1,0,0,1
2017,Atlantic,12,3,1,0,2,6
2017,Bergen,2,2,1,0,0,3
2017,Bergen,3,1,0,0,0,1
2017,Bergen,4,1,0,0,1,2
2017,Bergen,5,4,1,0,0,5
2017,Bergen,6,1,0,0,1,2
2017,Bergen,7,0,0,0,2,2
2017,Bergen,8,1,2,0,0,3
2017,Bergen,9,2,0,0,0,2
2017,Bergen,10,0,0,0,2,2
2017,Bergen,11,1,1,1,2,5
2017,Burlington,1,3,0,0,1,4
2017,Burlington,2,1,0,0,0,1
2017,Burlington,3,0,0,0,3,3
2017,Burlington,4,4,0,0,0,4
2017,Burlington,5,1,1,0,0,2
2017,Burlington,6,3,0,0,0,3
2017,Burlington,7,3,0,0,2,5
2017,Burlington,8,3,0,0,0,3
2017,Burlington,9,5,0,0,1,6
2017,Burlington,10,1,0,0,0,1
2017,Burlington,11,4,2,0,3,9
2017,Burlington,12,3,2,0,2,7
2017,Camden,1,0,0,0,2,2
2017,Camden,2,2,0,0,1,3
2017,Camden,3,1,2,0,1,4
2017,Camden,4,0,0,0,1,1
2017,Camden,6,1,1,1,1,4
2017,Camden,7,4,1,0,2,7
2017,Camden,8,5,0,0,1,6
2017,Camden,9,1,0,0,1,2
2017,Camden,10,3,2,0,3,8
2017,Camden,11,3,0,0,2,5
2017,Camden,12,2,0,0,0,2
2017,Cape May,1,1,0,0,0,1
2017,Cape May,3,2,0,0,0,2
2017,Cape May,6,0,1,0,0,1
2017,Cape May,7,2,1,0,0,3
2017,Cape May,9,2,1,0,0,3
2017,Cape May,10,1,1,0,0,2
2017,Cape May,11,1,1,0,0,2
2017,Cape May,12,0,0,0,2,2
2017,Cumberland,1,1,0,0,0,1
2017,Cumberland,3,1,1,0,0,2
2017,Cumberland,5,2,0,0,1,3
2017,Cumberland,6,2,0,0,1,3
2017,Cumberland,7,1,0,1,0,2
2017,Cumberland,8,3,0,0,0,3
2017,Cumberland,9,3,2,0,1,6
2017,Cumberland,10,0,0,0,1,1
2017,Cumberland,11,2,0,0,0,2
2017,Cumberland,12,1,1,0,1,3
2017,Essex,1,0,1,0,5,6
2017,Essex,3,0,0,0,3,3
2017,Essex,4,2,0,0,0,2
2017,Essex,5,1,1,0,1,3
2017,Essex,6,1,0,1,5,7
2017,Essex,7,2,1,0,2,5
2017,Essex,8,1,0,0,0,1
2017,Essex,9,0,0,0,1,1
2017,Essex,10,4,0,0,3,7
2017,Essex,11,1,0,0,1,2
2017,Essex,12,2,0,0,1,3
2017,Gloucester,1,0,2,0,0,2
2017,Gloucester,2,1,0,1,0,2
2017,Gloucester,3,1,0,0,1,2
2017,Gloucester,4,1,0,0,0,1
2017,Gloucester,5,2,3,0,1,6
2017,Gloucester,6,4,1,0,0,5
2017,Gloucester,7,4,1,0,1,6
2017,Gloucester,8,2,0,0,2,4
2017,Gloucester,9,4,0,0,1,5
2017,Gloucester,10,4,1,0,0,5
2017,Gloucester,11,1,0,0,2,3
2017,Gloucester,12,1,1,0,1,3
2017,Hudson,1,0,0,0,2,2
2017,Hudson,2,0,0,0,1,1
2017,Hudson,4,1,0,0,3,4
2017,Hudson,5,0,0,0,1,1
2017,Hudson,7,1,0,0,2,3
2017,Hudson,9,2,1,0,2,5
2017,Hudson,10,0,0,2,3,5
2017,Hudson,11,0,1,0,0,1
2017,Hudson,12,2,0,0,1,3
2017,Hunterdon,3,1,0,0,0,1
2017,Hunterdon,4,2,0,0,0,2
2017,Hunterdon,6,2,0,0,0,2
2017,Hunterdon,9,1,0,0,0,1
2017,Hunterdon,12,1,0,0,1,2
2017,Mercer,1,1,0,0,0,1
2017,Mercer,2,2,0,0,0,2
2017,Mercer,3,2,0,0,3,5
2017,Mercer,5,1,0,0,0,1
2017,Mercer,6,0,0,0,1,1
2017,Mercer,7,2,0,0,2,4
2017,Mercer,8,2,0,0,1,3
2017,Mercer,9,0,1,0,1,2
2017,Mercer,10,1,1,0,1,3
2017,Mercer,11,0,0,0,1,1
2017,Mercer,12,2,0,0,1,3
2017,Middlesex,1,3,1,1,0,5
2017,Middlesex,2,1,1,1,0,3
2017,Middlesex,3,1,1,0,0,2
2017,Middlesex,4,3,1,0,0,4
2017,Middlesex,5,1,2,0,1,4
2017,Middlesex,6,1,0,0,1,2
2017,Middlesex,7,1,1,0,0,2
2017,Middlesex,8,1,0,0,3,4
2017,Middlesex,9,3,0,0,0,3
2017,Middlesex,10,2,0,0,2,4
2017,Middlesex,11,4,0,0,4,8
2017,Middlesex,12,5,0,0,2,7
2017,Monmouth,1,1,0,0,0,1
2017,Monmouth,2,1,0,0,0,1
2017,Monmouth,3,1,0,0,0,1
2017,Monmouth,4,5,0,0,1,6
2017,Monmouth,5,1,0,0,0,1
2017,Monmouth,6,2,3,0,1,6
2017,Monmouth,7,6,1,0,0,7
2017,Monmouth,8,1,0,0,0,1
2017,Monmouth,9,0,1,0,2,3
2017,Monmouth,10,4,0,1,1,6
2017,Monmouth,11,1,1,0,4,6
2017,Monmouth,12,2,0,0,2,4
2017,Morris,1,0,0,0,1,1
2017,Morris,2,0,2,0,0,2
2017,Morris,4,2,1,0,1,4
2017,Morris,5,1,0,0,0,1
2017,Morris,6,4,0,0,0,4
2017,Morris,7,1,0,0,3,4
2017,Morris,8,0,0,0,1,1
2017,Morris,9,4,2,1,0,7
2017,Morris,10,2,0,0,1,3
2017,Morris,11,1,0,0,0,1
2017,Morris,12,1,0,0,0,1
2017,Ocean,1,4,0,1,1,6
2017,Ocean,3,3,1,0,2,6
2017,Ocean,4,2,2,0,0,4
2017,Ocean,5,5,1,0,0,6
2017,Ocean,6,2,1,0,0,3
2017,Ocean,7,3,0,0,0,3
2017,Ocean,8,2,3,2,1,8
2017,Ocean,9,3,0,0,1,4
2017,Ocean,10,3,0,1,0,4
2017,Ocean,11,1,0,0,2,3
2017,Ocean,12,0,0,0,6,6
2017,Passaic,1,0,0,0,1,1
2017,Passaic,2,1,0,0,0,1
2017,Passaic,3,0,1,0,0,1
2017,Passaic,4,1,0,0,0,1
2017,Passaic,5,1,0,0,0,1
2017,Passaic,7,2,0,0,0,2
2017,Passaic,8,1,0,0,1,2
2017,Passaic,9,0,1,0,1,2
2017,Passaic,10,2,1,0,1,4
2017,Passaic,11,1,1,0,1,3
2017,Salem,1,2,0,0,0,2
2017,Salem,2,2,0,0,0,2
2017,Salem,3,2,0,0,0,2
2017,Salem,5,2,0,0,0,2
2017,Salem,6,2,1,0,0,3
2017,Salem,8,3,0,0,0,3
2017,Salem,10,1,0,0,0,1
2017,Salem,11,2,0,0,0,2
2017,Somerset,1,0,0,0,1,1
2017,Somerset,3,3,0,0,2,5
2017,Somerset,5,2,0,0,1,3
2017,Somerset,6,2,1,0,0,3
2017,Somerset,7,1,0,0,2,3
2017,Somerset,8,1,0,0,0,1
2017,Somerset,9,1,1,0,0,2
2017,Somerset,10,0,0,1,0,1
2017,Somerset,11,2,0,0,1,3
2017,Somerset,12,1,0,0,0,1
2017,Sussex,1,0,0,0,1,1
2017,Sussex,6,1,0,0,0,1
2017,Sussex,8,1,0,0,0,1
2017,Sussex,9,1,0,0,0,1
2017,Sussex,10,1,0,0,0,1
2017,Sussex,11,2,0,0,0,2
2017,Union,1,1,1,0,1,3
2017,Union,2,1,0,0,0,1
2017,Union,3,0,0,0,2,2
2017,Union,4,3,0,0,1,4
2017,Union,5,1,1,0,1,3
2017,Union,6,3,1,0,0,4
2017,Union,7,1,0,0,1,2
2017,Union,8,3,0,0,2,5
2017,Union,9,1,0,0,2,3
2017,Union,10,1,0,0,1,2
2017,Union,11,2,0,0,2,4
2017,Union,12,0,0,0,1,1
2017,Warren,1,1,0,0,0,1
2017,Warren,2,1,0,0,0,1
2017,Warren,4,0,1,0,0,1
2017,Warren,5,0,1,0,1,2
2017,Warren,6,0,0,0,1,1
2017,Warren,7,0,1,0,0,1
2017,Warren,11,1,0,0,0,1
2017,Warren,12,3,0,0,0,3
2018,Atlantic,1,1,0,0,0,1
2018,Atlantic,2,1,0,0,0,1
2018,Atlantic,3,2,0,0,0,2
2018,Atlantic,4,1,0,0,1,2
2018,Atlantic,5,2,0,0,0,2
2018,Atlantic,6,0,0,0,1,1
2018,Atlantic,7,3,1,0,1,5
2018,Atlantic,8,0,0,0,2,2
2018,Atlantic,9,1,2,0,0,3
2018,Atlantic,10,3,3,0,0,6
2018,Atlantic,11,1,0,0,0,1
2018,Atlantic,12,2,1,0,1,4
2018,Bergen,1,0,0,0,1,1
2018,Bergen,2,0,0,0,3,3
2018,Bergen,4,1,1,1,0,3
2018,Bergen,5,1,0,0,0,1
2018,Bergen,6,2,0,0,2,4
2018,Bergen,7,2,1,0,0,3
2018,Bergen,8,1,0,0,0,1
2018,Bergen,9,1,0,0,4,5
2018,Bergen,10,1,0,0,4,5
2018,Bergen,11,0,1,0,0,1
2018,Bergen,12,0,0,0,5,5
2018,Burlington,1,4,2,0,0,6
2018,Burlington,2,3,0,0,2,5
2018,Burlington,3,0,0,0,1,1
2018,Burlington,4,2,0,0,1,3
2018,Burlington,5,4,1,1,3,9
2018,Burlington,6,1,0,0,0,1
2018,Burlington,7,0,3,0,1,4
2018,Burlington,8,1,0,0,3,4
2018,Burlington,9,2,0,0,1,3
2018,Burlington,10,2,0,0,0,2
2018,Burlington,11,3,1,0,0,4
2018,Burlington,12,0,1,0,1,2
2018,Camden,1,3,0,0,2,5
2018,Camden,2,2,1,1,1,5
2018,Camden,4,1,0,0,1,2
2018,Camden,5,2,1,0,0,3
2018,Camden,6,6,0,1,0,7
2018,Camden,7,2,3,1,1,7
2018,Camden,8,1,0,0,0,1
2018,Camden,9,3,0,0,1,4
2018,Camden,10,1,0,0,0,1
2018,Camden,11,3,2,0,0,5
2018,Camden,12,4,1,0,1,6
2018,Cape May,1,0,0,0,1,1
2018,Cape May,3,1,0,0,0,1
2018,Cape May,4,2,0,0,0,2
2018,Cape May,6,1,0,0,0,1
2018,Cape May,7,2,0,0,0,2
2018,Cape May,8,2,0,0,0,2
2018,Cape May,11,1,0,0,0,1
2018,Cumberland,1,1,0,0,0,1
2018,Cumberland,2,2,1,0,0,3
2018,Cumberland,3,1,1,0,0,2
2018,Cumberland,4,0,0,0,1,1
2018,Cumberland,5,3,0,1,0,4
2018,Cumberland,6,1,0,0,0,1
2018,Cumberland,8,1,0,0,0,1
2018,Cumberland,10,2,0,0,1,3
2018,Cumberland,11,1,0,0,0,1
2018,Cumberland,12,2,0,0,0,2
2018,Essex,1,2,0,0,3,5
2018,Essex,2,1,0,0,3,4
2018,Essex,3,0,1,0,2,3
2018,Essex,5,1,0,0,1,2
2018,Essex,6,2,1,0,0,3
2018,Essex,7,0,1,1,4,6
2018,Essex,8,1,0,0,1,2
2018,Essex,9,2,0,1,3,6
2018,Essex,10,1,1,0,2,4
2018,Essex,11,3,1,0,5,9
2018,Essex,12,0,0,0,1,1
2018,Gloucester,1,2,1,0,0,3
2018,Gloucester,2,1,1,0,1,3
2018,Gloucester,3,1,0,0,1,2
2018,Gloucester,4,3,4,0,0,7
2018,Gloucester,5,0,1,0,0,1
2018,Gloucester,6,0,1,0,0,1
2018,Gloucester,7,2,1,0,0,3
2018,Gloucester,8,2,0,0,0,2
2018,Gloucester,9,0,1,0,1,2
2018,Gloucester,10,5,0,0,0,5
2018,Gloucester,11,3,2,0,2,7
2018,Gloucester,12,0,0,1,1,2
2018,Hudson,1,1,1,0,2,4
2018,Hudson,2,0,2,0,0,2
2018,Hudson,3,0,0,0,3,3
2018,Hudson,4,1,0,0,0,1
2018,Hudson,5,0,0,0,1,1
2018,Hudson,8,0,0,0,2,2
2018,Hudson,9,0,1,1,0,2
2018,Hudson,10,0,0,0,3,3
2018,Hudson,11,0,0,0,2,2
2018,Hudson,12,1,0,0,1,2
2018,Hunterdon,5,1,0,0,0,1
2018,Hunterdon,10,1,0,0,0,1
2018,Hunterdon,12,0,0,0,1,1
2018,Mercer,1,0,0,0,3,3
2018,Mercer,2,0,0,0,1,1
2018,Mercer,3,1,1,0,0,2
2018,Mercer,4,1,0,0,0,1
2018,Mercer,5,1,0,0,2,3
2018,Mercer,6,0,0,1,2,3
2018,Mercer,7,1,0,0,1,2
2018,Mercer,8,2,0,0,0,2
2018,Mercer,10,3,1,1,2,7
2018,Mercer,11,0,1,0,0,1
2018,Mercer,12,3,0,0,1,4
2018,Middlesex,1,3,1,0,3,7
2018,Middlesex,2,2,1,0,0,3
2018,Middlesex,3,2,0,0,0,2
2018,Middlesex,4,8,0,0,1,9
2018,Middlesex,5,1,3,0,1,5
2018,Middlesex,6,2,1,0,1,4
2018,Middlesex,7,1,1,0,1,3
2018,Middlesex,8,1,0,0,1,2
2018,Middlesex,9,3,2,0,3,8
2018,Middlesex,10,1,0,0,2,3
2018,Middlesex,11,1,1,0,1,3
2018,Middlesex,12,1,0,0,0,1
2018,Monmouth,1,2,0,0,0,2
2018,Monmouth,2,1,1,0,1,3
2018,Monmouth,4,2,1,0,0,3
2018,Monmouth,5,2,0,1,1,4
2018,Monmouth,6,2,0,0,0,2
2018,Monmouth,7,3,0,0,1,4
2018,Monmouth,8,1,0,0,0,1
2018,Monmouth,9,0,0,0,1,1
2018,Monmouth,10,1,1,0,2,4
2018,Monmouth,11,1,0,0,1,2
2018,Monmouth,12,1,0,0,2,3
2018,Morris,1,1,1,0,0,2
2018,Morris,2,1,0,0,0,1
2018,Morris,3,0,0,0,1,1
2018,Morris,4,1,0,0,0,1
2018,Morris,5,2,2,0,0,4
2018,Morris,6,2,0,0,1,3
2018,Morris,7,1,2,0,1,4
2018,Morris,8,1,0,0,0,1
2018,Morris,9,2,0,0,0,2
2018,Morris,10,1,0,1,1,3
2018,Morris,11,2,2,0,1,5
2018,Morris,12,1,0,0,0,1
2018,Ocean,1,2,0,1,3,6
2018,Ocean,2,1,1,0,0,2
2018,Ocean,3,1,1,0,0,2
2018,Ocean,4,1,1,0,1,3
2018,Ocean,5,0,1,0,0,1
2018,Ocean,6,3,1,0,0,4
2018,Ocean,7,4,3,0,1,8
2018,Ocean,9,1,0,0,0,1
2018,Ocean,10,1,0,0,1,2
2018,Ocean,11,2,1,0,0,3
2018,Ocean,12,2,3,0,2,7
2018,Passaic,1,0,0,0,1,1
2018,Passaic,2,0,0,0,2,2
2018,Passaic,4,2,0,0,0,2
2018,Passaic,5,2,0,0,0,2
2018,Passaic,6,4,1,0,0,5
2018,Passaic,7,0,0,0,2,2
2018,Passaic,9,0,0,0,2,2
2018,Passaic,10,2,0,0,0,2
2018,Passaic,11,1,0,0,1,2
2018,Passaic,12,0,0,0,1,1
2018,Salem,1,1,0,0,0,1
2018,Salem,3,1,0,0,0,1
2018,Salem,4,1,0,0,0,1
2018,Salem,6,1,0,0,0,1
2018,Salem,7,2,0,0,0,2
2018,Salem,10,1,2,0,0,3
2018,Somerset,1,1,1,0,1,3
2018,Somerset,2,0,2,0,0,2
2018,Somerset,4,1,0,0,0,1
2018,Somerset,5,2,0,0,1,3
2018,Somerset,6,0,0,0,1,1
2018,Somerset,7,0,0,0,3,3
2018,Somerset,8,1,1,0,2,4
2018,Somerset,9,0,0,1,0,1
2018,Somerset,10,1,0,0,0,1
2018,Somerset,11,2,0,0,1,3
2018,Somerset,12,1,0,0,0,1
2018,Sussex,2,1,0,0,0,1
2018,Sussex,5,3,0,0,0,3
2018,Sussex,6,1,0,0,0,1
2018,Sussex,8,2,0,0,0,2
2018,Sussex,9,1,0,0,0,1
2018,Sussex,11,1,1,0,1,3
2018,Sussex,12,1,0,0,0,1
2018,Union,3,1,0,0,0,1
2018,Union,4,0,0,0,3,3
2018,Union,5,0,0,0,1,1
2018,Union,6,3,0,1,2,6
2018,Union,7,1,0,0,0,1
2018,Union,8,2,0,0,2,4
2018,Union,9,0,0,0,2,2
2018,Union,10,1,2,0,1,4
2018,Union,11,1,0,0,1,2
2018,Union,12,1,0,0,2,3
2018,Warren,3,1,0,0,0,1
2018,Warren,6,2,0,0,0,2
2018,Warren,8,3,0,0,0,3
2018,Warren,9,0,1,0,0,1
2019,Atlantic,1,0,0,0,2,2
2019,Atlantic,2,3,1,0,1,5
2019,Atlantic,4,2,1,0,0,3
2019,Atlantic,5,2,1,0,0,3
2019,Atlantic,6,2,0,0,0,2
2019,Atlantic,7,3,0,0,3,6
2019,Atlantic,8,0,0,0,3,3
2019,Atlantic,9,1,2,0,1,4
2019,Atlantic,10,1,0,0,1,2
2019,Atlantic,11,1,0,0,0,1
2019,Atlantic,12,0,0,0,1,1
2019,Bergen,2,4,0,0,2,6
2019,Bergen,3,0,0,0,3,3
2019,Bergen,4,1,0,0,3,4
2019,Bergen,5,1,0,1,0,2
2019,Bergen,6,1,2,0,1,4
2019,Bergen,7,2,1,0,0,3
2019,Bergen,8,1,1,0,2,4
2019,Bergen,9,2,0,0,1,3
2019,Bergen,10,1,1,0,2,4
2019,Bergen,11,3,0,0,0,3
2019,Bergen,12,0,0,1,5,6
2019,Burlington,1,1,1,0,0,2
2019,Burlington,2,1,1,0,0,2
2019,Burlington,5,0,0,0,2,2
2019,Burlington,6,0,0,0,1,1
2019,Burlington,7,3,0,0,0,3
2019,Burlington,8,3,0,0,0,3
2019,Burlington,9,1,1,0,4,6
2019,Burlington,10,4,1,0,0,5
2019,Burlington,11,3,0,0,0,3
2019,Burlington,12,5,0,0,1,6
2019,Camden,1,1,1,0,3,5
2019,Camden,2,1,0,0,1,2
2019,Camden,3,1,0,0,1,2
2019,Camden,4,0,0,0,2,2
2019,Camden,5,1,1,0,2,4
2019,Camden,6,2,0,0,3,5
2019,Camden,7,3,0,0,2,5
2019,Camden,8,2,0,0,2,4
2019,Camden,9,5,2,0,2,9
2019,Camden,10,1,0,0,3,4
2019,Camden,11,1,0,0,1,2
2019,Camden,12,0,0,0,2,2
2019,Cape May,1,1,0,0,1,2
2019,Cape May,4,1,0,0,0,1
2019,Cape May,5,1,0,1,1,3
2019,Cape May,7,1,0,0,0,1
2019,Cape May,9,3,0,0,1,4
2019,Cape May,12,1,0,0,0,1
2019,Cumberland,1,0,0,0,2,2
2019,Cumberland,4,2,1,0,1,4
2019,Cumberland,5,2,0,0,0,2
2019,Cumberland,7,1,0,0,0,1
2019,Cumberland,8,2,0,0,1,3
2019,Cumberland,9,3,0,0,0,3
2019,Cumberland,10,1,0,0,0,1
2019,Cumberland,11,2,0,0,0,2
2019,Cumberland,12,2,0,0,0,2
2019,Essex,1,0,2,0,3,5
2019,Essex,2,2,0,0,4,6
2019,Essex,3,2,0,0,1,3
2019,Essex,4,3,0,0,0,3
2019,Essex,5,0,0,0,1,1
2019,Essex,6,1,0,0,1,2
2019,Essex,7,1,0,0,0,1
2019,Essex,8,3,1,0,0,4
2019,Essex,9,1,0,0,1,2
2019,Essex,10,1,0,0,3,4
2019,Essex,11,0,0,0,1,1
2019,Essex,12,0,1,0,3,4
2019,Gloucester,1,1,0,0,0,1
2019,Gloucester,2,1,0,0,0,1
2019,Gloucester,3,4,2,0,1,7
2019,Gloucester,4,2,0,0,0,2
2019,Gloucester,6,1,0,0,1,2
2019,Gloucester,7,3,2,0,1,6
2019,Gloucester,8,3,1,0,0,4
2019,Gloucester,9,2,0,0,4,6
2019,Gloucester,10,3,2,0,2,7
2019,Gloucester,11,3,0,1,0,4
2019,Gloucester,12,1,0,0,1,2
2019,Hudson,1,1,0,0,0,1
2019,Hudson,2,0,0,0,1,1
2019,Hudson,3,0,0,0,1,1
2019,Hudson,4,1,0,1,0,2
2019,Hudson,5,1,0,0,1,2
2019,Hudson,6,0,1,0,0,1
2019,Hudson,7,1,0,0,0,1
2019,Hudson,8,0,0,0,1,1
2019,Hudson,9,2,0,0,0,2
2019,Hudson,10,1,1,0,0,2
2019,Hudson,11,0,0,1,1,2
2019,Hudson,12,2,1,0,0,3
2019,Hunterdon,1,1,0,0,0,1
2019,Hunterdon,5,1,0,0,0,1
2019,Hunterdon,7,0,1,0,0,1
2019,Hunterdon,9,1,0,0,0,1
2019,Hunterdon,12,1,0,0,1,2
2019,Mercer,1,1,0,0,0,1
2019,Mercer,2,0,0,0,1,1
2019,Mercer,4,2,0,0,0,2
2019,Mercer,5,1,0,0,0,1
2019,Mercer,6,1,1,0,0,2
2019,Mercer,7,2,0,1,2,5
2019,Mercer,8,1,0,0,0,1
2019,Mercer,9,1,0,0,0,1
2019,Mercer,10,0,0,0,3,3
2019,Mercer,11,0,1,0,0,1
2019,Mercer,12,0,0,0,3,3
2019,Middlesex,1,3,0,0,1,4
2019,Middlesex,2,0,2,0,1,3
2019,Middlesex,3,3,0,0,0,3
2019,Middlesex,4,1,0,0,1,2
2019,Middlesex,5,3,1,0,1,5
2019,Middlesex,6,4,0,0,1,5
2019,Middlesex,7,1,3,0,0,4
2019,Middlesex,8,3,1,1,0,5
2019,Middlesex,9,1,0,0,1,2
2019,Middlesex,10,3,0,0,2,5
2019,Middlesex,11,3,1,0,0,4
2019,Middlesex,12,2,2,1,0,5
2019,Monmouth,1,2,3,0,2,7
2019,Monmouth,2,1,0,0,1,2
2019,Monmouth,3,1,0,0,3,4
2019,Monmouth,4,3,0,0,0,3
2019,Monmouth,5,1,2,1,0,4
2019,Monmouth,6,4,0,0,1,5
2019,Monmouth,7,1,0,0,0,1
2019,Monmouth,8,3,0,0,0,3
2019,Monmouth,9,2,0,0,1,3
2019,Monmouth,10,0,0,0,2,2
2019,Monmouth,12,1,0,0,1,2
2019,Morris,1,1,1,0,1,3
2019,Morris,2,0,1,0,0,1
2019,Morris,3,0,1,0,0,1
2019,Morris,4,1,0,0,1,2
2019,Morris,5,1,0,0,0,1
2019,Morris,6,0,1,0,2,3
2019,Morris,7,2,0,0,1,3
2019,Morris,8,1,1,0,0,2
2019,Morris,9,2,1,0,1,4
2019,Morris,10,3,4,0,0,7
2019,Morris,11,1,0,0,0,1
2019,Morris,12,1,0,0,0,1
2019,Ocean,1,3,0,0,0,3
2019,Ocean,2,0,1,0,1,2
2019,Ocean,3,1,0,0,0,1
2019,Ocean,4,0,0,0,2,2
2019,Ocean,5,3,0,0,0,3
2019,Ocean,6,3,1,0,0,4
2019,Ocean,7,4,1,0,0,5
2019,Ocean,8,2,0,0,1,3
2019,Ocean,9,1,0,0,1,2
2019,Ocean,10,3,0,0,5,8
2019,Ocean,11,2,1,0,0,3
2019,Ocean,12,2,1,0,0,3
2019,Passaic,1,1,0,0,1,2
2019,Passaic,2,2,1,0,0,3
2019,Passaic,3,2,1,0,2,5
2019,Passaic,4,2,0,0,0,2
2019,Passaic,5,2,0,0,1,3
2019,Passaic,6,3,0,0,0,3
2019,Passaic,8,1,0,1,1,3
2019,Passaic,9,1,0,1,1,3
2019,Passaic,10,2,0,0,0,2
2019,Passaic,11,0,0,0,1,1
2019,Passaic,12,1,0,0,2,3
2019,Salem,4,1,1,0,0,2
2019,Salem,5,1,0,0,0,1
2019,Salem,6,1,0,0,0,1
2019,Salem,9,2,0,0,0,2
2019,Salem,12,1,1,0,1,3
2019,Somerset,1,0,1,0,0,1
2019,Somerset,2,1,0,0,0,1
2019,Somerset,4,1,0,0,0,1
2019,Somerset,5,0,0,0,1,1
2019,Somerset,6,1,0,0,0,1
2019,Somerset,7,0,1,0,0,1
2019,Somerset,8,0,0,0,1,1
2019,Somerset,9,2,0,0,0,2
2019,Somerset,11,0,0,0,1,1
2019,Somerset,12,0,0,0,1,1
2019,Sussex,1,1,0,0,0,1
2019,Sussex,2,1,0,0,0,1
2019,Sussex,3,1,0,0,0,1
2019,Sussex,4,1,0,0,0,1
2019,Sussex,5,2,1,0,0,3
2019,Sussex,8,3,1,0,0,4
2019,Sussex,9,1,0,0,1,2
2019,Sussex,11,1,0,0,0,1
2019,Union,1,1,0,0,1,2
2019,Union,2,0,0,0,1,1
2019,Union,3,0,1,0,2,3
2019,Union,4,2,0,0,0,2
2019,Union,5,0,0,0,1,1
2019,Union,6,1,1,0,1,3
2019,Union,7,0,1,0,1,2
2019,Union,8,1,1,0,1,3
2019,Union,9,1,0,0,2,3
2019,Union,10,1,1,0,0,2
2019,Union,11,1,0,0,0,1
2019,Warren,2,0,1,0,0,1
2019,Warren,4,1,0,0,0,1
2019,Warren,5,0,0,0,1,1
2019,Warren,6,1,0,0,0,1
2019,Warren,8,1,0,0,0,1
2019,Warren,9,1,0,0,0,1
2019,Warren,10,2,1,0,0,3
2019,Warren,12,0,0,0,1,1
